-- MySQL dump 10.13  Distrib 8.0.22, for Win64 (x86_64)
--
-- Host: teamgu-mysql-db.c9wk2jscggn1.ap-northeast-2.rds.amazonaws.com    Database: teamgu
-- ------------------------------------------------------
-- Server version	8.0.23

/*!40101 SET @OLD_CHARACTER_SET_CLIENT=@@CHARACTER_SET_CLIENT */;
/*!40101 SET @OLD_CHARACTER_SET_RESULTS=@@CHARACTER_SET_RESULTS */;
/*!40101 SET @OLD_COLLATION_CONNECTION=@@COLLATION_CONNECTION */;
/*!50503 SET NAMES utf8mb4 */;
/*!40103 SET @OLD_TIME_ZONE=@@TIME_ZONE */;
/*!40103 SET TIME_ZONE='+00:00' */;
/*!40014 SET @OLD_UNIQUE_CHECKS=@@UNIQUE_CHECKS, UNIQUE_CHECKS=0 */;
/*!40014 SET @OLD_FOREIGN_KEY_CHECKS=@@FOREIGN_KEY_CHECKS, FOREIGN_KEY_CHECKS=0 */;
/*!40101 SET @OLD_SQL_MODE=@@SQL_MODE, SQL_MODE='NO_AUTO_VALUE_ON_ZERO' */;
/*!40111 SET @OLD_SQL_NOTES=@@SQL_NOTES, SQL_NOTES=0 */;
SET @MYSQLDUMP_TEMP_LOG_BIN = @@SESSION.SQL_LOG_BIN;
SET @@SESSION.SQL_LOG_BIN= 0;

--
-- GTID state at the beginning of the backup 
--

SET @@GLOBAL.GTID_PURGED=/*!80000 '+'*/ '';

--
-- Table structure for table `chat`
--

DROP TABLE IF EXISTS `chat`;
/*!40101 SET @saved_cs_client     = @@character_set_client */;
/*!50503 SET character_set_client = utf8mb4 */;
CREATE TABLE `chat` (
  `id` bigint NOT NULL AUTO_INCREMENT,
  `message` varchar(60) DEFAULT NULL,
  `type` varchar(20) DEFAULT NULL,
  `receive_room_id` bigint DEFAULT NULL,
  `sender_id` bigint DEFAULT NULL,
  `send_date_time` datetime(6) DEFAULT NULL,
  `team_id` bigint DEFAULT NULL,
  PRIMARY KEY (`id`),
  KEY `FK2efp5wc1812wajdi6o578uboa` (`receive_room_id`),
  KEY `FKi2b9c4tpmg4vwb2rtvitmusrv` (`sender_id`),
  CONSTRAINT `FK2efp5wc1812wajdi6o578uboa` FOREIGN KEY (`receive_room_id`) REFERENCES `chat_room` (`id`) ON DELETE CASCADE,
  CONSTRAINT `FKi2b9c4tpmg4vwb2rtvitmusrv` FOREIGN KEY (`sender_id`) REFERENCES `user` (`id`)
) ENGINE=InnoDB AUTO_INCREMENT=2962 DEFAULT CHARSET=utf8mb4 COLLATE=utf8mb4_0900_ai_ci;
/*!40101 SET character_set_client = @saved_cs_client */;

--
-- Dumping data for table `chat`
--

LOCK TABLES `chat` WRITE;
/*!40000 ALTER TABLE `chat` DISABLE KEYS */;
INSERT INTO `chat` VALUES (1990,'안뇽하세용','NORMAL',151,24,'2021-08-12 21:40:31.741000',NULL),(1991,'팀에 초대되었습니다','TEAM_INVITE_ACCEPTED',153,29,'2021-08-13 01:17:20.400000',66),(1992,'화상회의실이 개설되었습니다','RTC_INVITE',154,63,'2021-08-13 01:17:53.213000',NULL),(1993,'팀에 초대되었습니다','TEAM_INVITE_WAITING',155,23,'2021-08-13 06:36:20.403000',46),(1994,'팀에 초대되었습니다','TEAM_INVITE_ACCEPTED',156,23,'2021-08-13 06:37:01.368000',46),(1995,'팀에 초대되었습니다','TEAM_INVITE_REJECTED',157,23,'2021-08-13 06:39:29.633000',46),(1996,'팀에 초대되었습니다','TEAM_INVITE_REJECTED',158,23,'2021-08-13 08:40:36.939000',46),(1997,'팀에 초대되었습니다','TEAM_INVITE_WAITING',158,23,'2021-08-13 08:42:03.397000',46),(1998,'팀에 초대되었습니다','TEAM_INVITE_WAITING',158,23,'2021-08-13 08:42:34.294000',46),(1999,'팀에 초대되었습니다','TEAM_INVITE_WAITING',158,23,'2021-08-13 08:43:30.217000',46),(2000,'잘되나요?','NORMAL',160,19,'2021-08-13 10:17:31.078000',NULL),(2001,'승현님','NORMAL',163,23,'2021-08-14 02:09:23.967000',NULL),(2002,'(팀 초대 메세지)','TEAM_INVITE_EXPIRED',163,23,'2021-08-14 02:09:26.736000',46),(2003,'어 뭐지','NORMAL',163,24,'2021-08-14 02:10:55.876000',NULL),(2004,'(팀 초대 메세지)','TEAM_INVITE_REJECTED',163,23,'2021-08-14 02:11:32.764000',46),(2005,'화상회의실이 개설되었습니다','RTC_INVITE',164,56,'2021-08-14 11:18:06.231000',NULL),(2006,'jjj','NORMAL',160,24,'2021-08-14 21:49:47.484000',NULL),(2007,'(팀 초대 메세지)','TEAM_INVITE_EXPIRED',165,24,'2021-08-16 02:53:44.266000',58),(2008,'(팀 초대 메세지)','TEAM_INVITE_EXPIRED',165,24,'2021-08-16 03:04:46.672000',58),(2009,'(팀 초대 메세지)','TEAM_INVITE_ACCEPTED',165,24,'2021-08-16 03:16:42.200000',58),(2010,'(팀 초대 메세지)','TEAM_INVITE_WAITING',160,24,'2021-08-16 03:19:58.100000',58),(2011,'(팀 초대 메세지)','TEAM_INVITE_EXPIRED',166,24,'2021-08-16 03:20:32.248000',58),(2012,'(팀 초대 메세지)','TEAM_INVITE_WAITING',166,24,'2021-08-16 03:21:10.874000',58),(2013,'(팀 초대 메세지)','TEAM_INVITE_EXPIRED',168,42,'2021-08-16 03:23:02.144000',64),(2014,'(팀 초대 메세지)','TEAM_INVITE_WAITING',169,24,'2021-08-16 06:36:24.448000',58),(2015,'(팀 초대 메세지)','TEAM_INVITE_EXPIRED',170,24,'2021-08-16 06:36:59.441000',58),(2016,'(팀 초대 메세지)','TEAM_INVITE_ACCEPTED',171,24,'2021-08-16 06:39:16.673000',58),(2017,'(팀 초대 메세지)','TEAM_INVITE_REJECTED',172,24,'2021-08-16 07:07:55.095000',58),(2018,'dg','NORMAL',152,24,'2021-08-16 08:00:07.996000',NULL),(2567,'gsdgdsg','NORMAL',148,24,'2021-08-16 12:57:10.685000',NULL),(2568,'sdg','NORMAL',148,24,'2021-08-16 12:57:10.900000',NULL),(2569,'sdg','NORMAL',148,24,'2021-08-16 12:57:11.060000',NULL),(2570,'dsg','NORMAL',148,24,'2021-08-16 12:57:11.239000',NULL),(2571,'sdg','NORMAL',148,24,'2021-08-16 12:57:11.423000',NULL),(2572,'dsg','NORMAL',148,24,'2021-08-16 12:57:11.605000',NULL),(2573,'dsg','NORMAL',148,24,'2021-08-16 12:57:11.779000',NULL),(2574,'dsg','NORMAL',148,24,'2021-08-16 12:57:11.935000',NULL),(2575,'dsg','NORMAL',148,24,'2021-08-16 12:57:12.117000',NULL),(2576,'dsg','NORMAL',148,24,'2021-08-16 12:57:12.297000',NULL),(2577,'sdg','NORMAL',148,24,'2021-08-16 12:57:12.459000',NULL),(2578,'sd','NORMAL',148,24,'2021-08-16 12:57:12.632000',NULL),(2579,'gsd','NORMAL',148,24,'2021-08-16 12:57:12.816000',NULL),(2580,'g','NORMAL',148,24,'2021-08-16 12:57:12.993000',NULL),(2581,'dsg','NORMAL',148,24,'2021-08-16 12:57:13.172000',NULL),(2582,'sdg','NORMAL',148,24,'2021-08-16 12:57:13.331000',NULL),(2583,'sdg','NORMAL',148,24,'2021-08-16 12:57:13.511000',NULL),(2584,'dsg','NORMAL',148,24,'2021-08-16 12:57:13.690000',NULL),(2585,'sdg','NORMAL',148,24,'2021-08-16 12:57:13.894000',NULL),(2586,'sd','NORMAL',148,24,'2021-08-16 12:57:14.050000',NULL),(2587,'gsd','NORMAL',148,24,'2021-08-16 12:57:14.253000',NULL),(2588,'g','NORMAL',148,24,'2021-08-16 12:57:14.411000',NULL),(2589,'ㅎㄴㅇㅎ','NORMAL',148,44,'2021-08-16 13:12:18.479000',NULL),(2590,'ㄴㅇㅎㄴㅇㅎㄴㅇ','NORMAL',148,44,'2021-08-16 13:12:19.041000',NULL),(2591,'ㅎㄴㅇㅎ','NORMAL',148,44,'2021-08-16 13:12:19.265000',NULL),(2592,'ㄴㅇㅎ','NORMAL',148,44,'2021-08-16 13:12:19.490000',NULL),(2593,'ㄴㅇㅎ','NORMAL',148,44,'2021-08-16 13:12:19.722000',NULL),(2594,'ㄴㅇㅎ','NORMAL',148,44,'2021-08-16 13:12:19.894000',NULL),(2595,'ㅇㄴㅎ','NORMAL',148,44,'2021-08-16 13:12:20.069000',NULL),(2596,'ㄴㅇㄹㄴㅇㄹ','NORMAL',148,44,'2021-08-16 13:12:22.299000',NULL),(2597,'ㄴㅇㄹㄴㅇㄹ','NORMAL',148,44,'2021-08-16 13:12:23.386000',NULL),(2598,'(팀 초대 메세지)','TEAM_INVITE_ACCEPTED',171,24,'2021-08-17 00:57:12.712000',68),(2599,'(팀 초대 메세지)','TEAM_INVITE_ACCEPTED',174,24,'2021-08-17 00:57:14.084000',68),(2600,'(팀 초대 메세지)','TEAM_INVITE_ACCEPTED',175,24,'2021-08-17 00:57:15.406000',68),(2601,'주','NORMAL',152,24,'2021-08-17 01:16:44.989000',NULL),(2602,'환','NORMAL',152,24,'2021-08-17 01:16:45.389000',NULL),(2603,'잏','NORMAL',152,24,'2021-08-17 01:16:45.859000',NULL),(2604,'형','NORMAL',152,24,'2021-08-17 01:16:46.395000',NULL),(2605,'일','NORMAL',152,24,'2021-08-17 01:16:46.940000',NULL),(2606,'어','NORMAL',152,24,'2021-08-17 01:16:47.227000',NULL),(2607,'나','NORMAL',152,24,'2021-08-17 01:16:47.634000',NULL),(2608,'신','NORMAL',152,24,'2021-08-17 01:16:48.563000',NULL),(2609,'줗','NORMAL',152,24,'2021-08-17 01:16:48.899000',NULL),(2610,'ㅘㄴ','NORMAL',152,24,'2021-08-17 01:16:49.339000',NULL),(2611,'신무림나','NORMAL',152,24,'2021-08-17 01:16:50.279000',NULL),(2612,'ㅇㄻ','NORMAL',152,24,'2021-08-17 01:16:50.468000',NULL),(2613,'ㄴㅇㄹ','NORMAL',152,24,'2021-08-17 01:16:50.606000',NULL),(2614,'ㅁㄴ','NORMAL',152,24,'2021-08-17 01:16:50.732000',NULL),(2615,'ㅇㄹ','NORMAL',152,24,'2021-08-17 01:16:50.859000',NULL),(2616,'ㅁㄴㅇ','NORMAL',152,24,'2021-08-17 01:16:51.022000',NULL),(2617,'ㄻ','NORMAL',152,24,'2021-08-17 01:16:51.148000',NULL),(2618,'ㅈㄷㄹ','NORMAL',152,24,'2021-08-17 01:16:51.317000',NULL),(2619,'ㅈㅁ','NORMAL',152,24,'2021-08-17 01:16:51.419000',NULL),(2620,'ㄹ','NORMAL',152,24,'2021-08-17 01:16:51.538000',NULL),(2621,'aa','NORMAL',148,44,'2021-08-17 01:47:34.053000',NULL),(2622,'화상회의실이 개설되었습니다','RTC_INVITE',176,42,'2021-08-17 02:28:05.002000',NULL),(2623,'화상회의실이 개설되었습니다','RTC_INVITE',177,50,'2021-08-17 02:34:02.051000',NULL),(2624,'화상회의실이 개설되었습니다','RTC_INVITE',148,24,'2021-08-17 10:51:58.929000',NULL),(2625,'화상회의실이 개설되었습니다','RTC_INVITE',178,24,'2021-08-17 12:16:08.824000',NULL),(2626,'화상회의실이 개설되었습니다','RTC_INVITE',179,50,'2021-08-17 12:34:32.506000',NULL),(2627,'화상회의실이 개설되었습니다','RTC_INVITE',178,24,'2021-08-17 15:53:41.884000',NULL),(2628,'(팀 초대 메세지)','TEAM_INVITE_WAITING',182,45,'2021-08-18 08:25:11.527000',63),(2629,'화상회의실이 개설되었습니다','RTC_INVITE',182,45,'2021-08-18 08:25:34.288000',NULL),(2630,'(팀 초대 메세지)','TEAM_INVITE_WAITING',183,45,'2021-08-18 08:30:07.809000',63),(2631,'(팀 초대 메세지)','TEAM_INVITE_WAITING',182,45,'2021-08-18 08:30:34.892000',63),(2632,'(팀 초대 메세지)','TEAM_INVITE_WAITING',183,45,'2021-08-18 08:30:42.132000',63),(2633,'(팀 초대 메세지)','TEAM_INVITE_WAITING',182,45,'2021-08-18 08:37:57.929000',63),(2634,'화상회의실이 개설되었습니다','RTC_INVITE',180,45,'2021-08-18 08:42:09.950000',NULL),(2635,'화상회의실이 개설되었습니다','RTC_INVITE',178,24,'2021-08-18 12:18:10.400000',NULL),(2636,'화상회의실이 개설되었습니다','RTC_INVITE',185,85,'2021-08-18 12:37:03.417000',NULL),(2637,'화상회의실이 개설되었습니다','RTC_INVITE',186,56,'2021-08-18 12:52:05.771000',NULL),(2638,'화상회의실이 개설되었습니다','RTC_INVITE',187,56,'2021-08-18 13:08:32.094000',NULL),(2639,'화상회의실이 개설되었습니다','RTC_INVITE',187,56,'2021-08-18 13:48:34.473000',NULL),(2640,'ㅁㅁ','NORMAL',148,24,'2021-08-18 16:21:00.070000',NULL),(2641,'ㅁㅁ','NORMAL',148,24,'2021-08-18 16:21:00.252000',NULL),(2642,'ㅁ','NORMAL',148,24,'2021-08-18 16:21:00.419000',NULL),(2643,'ㅁ','NORMAL',148,24,'2021-08-18 16:21:00.590000',NULL),(2644,'ㅁ','NORMAL',148,24,'2021-08-18 16:21:00.740000',NULL),(2645,'화상회의실이 개설되었습니다','RTC_INVITE',178,24,'2021-08-18 16:26:32.672000',NULL),(2646,'(팀 초대 메세지)','TEAM_INVITE_WAITING',183,45,'2021-08-18 16:42:53.150000',63),(2647,'gd','NORMAL',182,45,'2021-08-18 16:48:45.298000',NULL),(2648,'(팀 초대 메세지)','TEAM_INVITE_WAITING',188,45,'2021-08-18 16:49:08.306000',63),(2649,'(팀 초대 메세지)','TEAM_INVITE_WAITING',188,45,'2021-08-18 16:49:22.034000',63),(2650,'(팀 초대 메세지)','TEAM_INVITE_WAITING',190,45,'2021-08-18 16:49:28.977000',63),(2651,'화상회의실이 개설되었습니다','RTC_INVITE',192,92,'2021-08-18 21:58:53.112000',NULL),(2652,'아까 통화했던 태종입니다','NORMAL',192,85,'2021-08-18 22:33:37.191000',NULL),(2653,'웹 디자인 팀 만드셨던데','NORMAL',192,85,'2021-08-18 22:33:42.504000',NULL),(2654,'같이 해요!','NORMAL',192,85,'2021-08-18 22:33:47.311000',NULL),(2655,'그럴까 말ㄲ','NORMAL',192,92,'2021-08-18 22:34:01.215000',NULL),(2656,'(팀 초대 메세지)','TEAM_INVITE_REJECTED',192,92,'2021-08-18 22:47:08.658000',70),(2657,'(팀 초대 메세지)','TEAM_INVITE_ACCEPTED',192,92,'2021-08-18 22:47:40.513000',70),(2658,'ㅇㄹㅇㄹ','NORMAL',180,45,'2021-08-19 07:00:58.976000',NULL),(2659,'ㅇㅎㅇㅎㅇㅎㅇㅎ','NORMAL',180,24,'2021-08-19 07:01:31.120000',NULL),(2660,'ㄴㅇㄹㄴㅇㄹㄴㅇㄹㄴㅇ','NORMAL',180,24,'2021-08-19 09:54:32.162000',NULL),(2661,'ㄴㅇㄹㄴㅇㄹㄴㅇㄹㄴㅇㄹㄴㅇㄹ','NORMAL',180,24,'2021-08-19 09:54:34.381000',NULL),(2662,'ㄴㅇㄹ','NORMAL',180,24,'2021-08-19 09:54:35.508000',NULL),(2663,'ㄴㅇㄹ','NORMAL',180,24,'2021-08-19 09:54:36.877000',NULL),(2664,'ㄴㅇㄹ','NORMAL',180,24,'2021-08-19 09:54:38.652000',NULL),(2665,'ㄴㅇㄴㅇㄹ','NORMAL',180,24,'2021-08-19 09:54:42.400000',NULL),(2666,'ㄴㅇㄹㄴㄴㅇㄹㄴㅇㄹㄴㅇㄹ ','NORMAL',180,24,'2021-08-19 09:54:47.446000',NULL),(2667,'ㄴㅇㄹㄴㅇㄹㄴㅇㄹ ','NORMAL',180,24,'2021-08-19 09:54:48.982000',NULL),(2668,'화상회의실이 개설되었습니다','RTC_INVITE',194,7,'2021-08-19 13:35:44.771000',NULL),(2669,'안녕하세요 석현님','NORMAL',194,36,'2021-08-19 13:36:07.441000',NULL),(2670,'안녕하세요','NORMAL',194,7,'2021-08-19 13:36:45.158000',NULL),(2671,'승현님 안녕하세요 소개하신거 보고 연락드립니다 블록체인의 끝을 보기위한 저희 팀에 들어오시지 않을래요?','NORMAL',197,36,'2021-08-19 14:02:12.214000',NULL),(2672,'(팀 초대 메세지)','TEAM_INVITE_ACCEPTED',198,42,'2021-08-19 14:06:09.894000',64),(2673,'대현님 혹시 인재 필요하시지 않나요? 저 완전 준비된 인재입니다','NORMAL',200,43,'2021-08-19 16:59:35.667000',NULL),(2674,'넵 가시죠','NORMAL',200,45,'2021-08-19 17:00:06.017000',NULL),(2675,'(팀 초대 메세지)','TEAM_INVITE_ACCEPTED',200,45,'2021-08-19 17:00:07.907000',63),(2676,'화상회의실이 개설되었습니다','RTC_INVITE',193,24,'2021-08-19 17:23:00.229000',NULL),(2677,'화상회의실이 개설되었습니다','RTC_INVITE',193,24,'2021-08-19 17:23:11.468000',NULL),(2678,'ㄴㅇㄹㄴㄹㄴㅇㄹ','NORMAL',180,45,'2021-08-19 18:06:55.950000',NULL),(2679,'ㄴㄹㅇㄴㄹ','NORMAL',180,45,'2021-08-19 18:06:57.221000',NULL),(2683,'gdgd','NORMAL',200,45,'2021-08-19 20:06:09.122000',NULL),(2684,'안녕하세요~!','NORMAL',232,48,'2021-08-19 20:26:37.307000',NULL),(2685,'ㅎㅇㅎㅇ','NORMAL',167,50,'2021-08-19 20:27:15.955000',NULL),(2686,'화상회의실이 개설되었습니다','RTC_INVITE',177,50,'2021-08-19 20:27:38.073000',NULL),(2687,'안녕하세요~!','NORMAL',233,29,'2021-08-19 20:27:52.145000',NULL),(2688,'민영님 혹시 팀에 들어갈 수 있나요?','NORMAL',181,24,'2021-08-19 20:31:58.214000',NULL),(2689,'대현님 안녕하세요?\n팀원으로 들어갈 수 있나요?','NORMAL',180,24,'2021-08-19 23:24:16.502000',NULL),(2690,'화상회의실이 개설되었습니다','RTC_INVITE',178,24,'2021-08-20 00:52:31.110000',NULL),(2691,'화상회의실이 개설되었습니다','RTC_INVITE',178,24,'2021-08-20 00:52:37.636000',NULL),(2692,'안녕하세요~!','NORMAL',231,24,'2021-08-20 02:50:41.181000',NULL),(2693,'(팀 초대 메세지)','TEAM_INVITE_REJECTED',180,45,'2021-08-20 02:55:18.982000',63),(2694,'(팀 초대 메세지)','TEAM_INVITE_WAITING',237,46,'2021-08-20 02:59:54.463000',146),(2695,'승현님','NORMAL',236,46,'2021-08-20 03:00:26.043000',NULL),(2696,'승ㅎ혀ㅓㄴ민','NORMAL',236,46,'2021-08-20 03:00:28.590000',NULL),(2697,'승현님!','NORMAL',236,46,'2021-08-20 03:00:31.739000',NULL),(2698,'승현님!','NORMAL',236,46,'2021-08-20 03:00:41.157000',NULL),(2699,'승현님~~~','NORMAL',236,46,'2021-08-20 03:00:44.778000',NULL),(2700,'99999','NORMAL',236,46,'2021-08-20 03:00:47.146000',NULL),(2701,'10000000','NORMAL',236,46,'2021-08-20 03:00:49.011000',NULL),(2702,'11','NORMAL',236,46,'2021-08-20 03:00:49.715000',NULL),(2703,'12','NORMAL',236,46,'2021-08-20 03:00:50.226000',NULL),(2704,'13','NORMAL',236,46,'2021-08-20 03:00:51.106000',NULL),(2705,'14','NORMAL',236,46,'2021-08-20 03:00:54.557000',NULL),(2706,'15','NORMAL',236,46,'2021-08-20 03:00:54.794000',NULL),(2707,'16','NORMAL',236,46,'2021-08-20 03:00:55.099000',NULL),(2708,'(팀 초대 메세지)','TEAM_INVITE_REJECTED',236,46,'2021-08-20 03:02:26.224000',146),(2709,'(팀 초대 메세지)','TEAM_INVITE_REJECTED',236,46,'2021-08-20 03:02:35.014000',146),(2710,'화상회의실이 개설되었습니다','RTC_INVITE',236,46,'2021-08-20 03:02:37.068000',NULL),(2711,'화상회의실이 개설되었습니다','RTC_INVITE',169,24,'2021-08-20 03:37:13.227000',NULL),(2712,'안녕하세요~','NORMAL',238,120,'2021-08-20 04:16:04.503000',NULL),(2713,'(팀 초대 메세지)','TEAM_INVITE_WAITING',236,46,'2021-08-20 04:17:27.943000',146),(2714,'(팀 초대 메세지)','TEAM_INVITE_WAITING',239,45,'2021-08-20 08:45:38.363000',63),(2715,'(팀 초대 메세지)','TEAM_INVITE_WAITING',241,45,'2021-08-20 08:45:49.899000',63),(2716,'(팀 초대 메세지)','TEAM_INVITE_ACCEPTED',239,45,'2021-08-20 08:46:31.277000',63),(2717,'(팀 초대 메세지)','TEAM_INVITE_WAITING',243,45,'2021-08-20 08:48:50.073000',63),(2718,'(팀 초대 메세지)','TEAM_INVITE_WAITING',244,45,'2021-08-20 08:49:06.443000',63),(2719,'(팀 초대 메세지)','TEAM_INVITE_WAITING',180,45,'2021-08-20 08:49:15.679000',63),(2720,'(팀 초대 메세지)','TEAM_INVITE_WAITING',180,45,'2021-08-20 08:49:57.127000',63),(2721,'(팀 초대 메세지)','TEAM_INVITE_WAITING',245,45,'2021-08-20 08:50:44.131000',63),(2722,'(팀 초대 메세지)','TEAM_INVITE_WAITING',247,45,'2021-08-20 08:51:11.583000',63),(2723,'채팅','NORMAL',236,46,'2021-08-20 10:20:37.007000',NULL),(2724,'채팅','NORMAL',236,46,'2021-08-20 10:20:39.805000',NULL),(2725,'ㅁ','NORMAL',236,46,'2021-08-20 10:20:47.712000',NULL),(2726,'ㅁ','NORMAL',236,46,'2021-08-20 10:20:47.876000',NULL),(2727,'ㅁ','NORMAL',236,46,'2021-08-20 10:20:48.070000',NULL),(2728,'ㅁ','NORMAL',236,46,'2021-08-20 10:20:48.260000',NULL),(2729,'ㅁ','NORMAL',236,46,'2021-08-20 10:20:48.460000',NULL),(2730,'ㅁ','NORMAL',236,46,'2021-08-20 10:20:48.669000',NULL),(2731,'ㅁ','NORMAL',236,46,'2021-08-20 10:20:48.869000',NULL),(2732,'ㅁㅁ','NORMAL',236,46,'2021-08-20 10:20:49.070000',NULL),(2733,'ㅁ','NORMAL',236,46,'2021-08-20 10:20:49.268000',NULL),(2734,'ㅁ','NORMAL',236,46,'2021-08-20 10:20:49.461000',NULL),(2735,'ㅁ','NORMAL',236,46,'2021-08-20 10:23:58.068000',NULL),(2736,'(팀 초대 메세지)','TEAM_INVITE_REJECTED',236,46,'2021-08-20 10:24:13.536000',146),(2737,'화상회의실이 개설되었습니다','RTC_INVITE',236,46,'2021-08-20 10:25:40.075000',NULL),(2738,'화상회의실이 개설되었습니다','RTC_INVITE',236,46,'2021-08-20 10:53:02.066000',NULL),(2739,'(팀 초대 메세지)','TEAM_INVITE_REJECTED',236,46,'2021-08-20 10:53:09.571000',146),(2740,'(팀 초대 메세지)','TEAM_INVITE_REJECTED',236,46,'2021-08-20 10:53:11.269000',146),(2741,'(팀 초대 메세지)','TEAM_INVITE_REJECTED',236,46,'2021-08-20 10:53:16.219000',146),(2742,'(팀 초대 메세지)','TEAM_INVITE_REJECTED',236,46,'2021-08-20 10:53:37.186000',146),(2743,'(팀 초대 메세지)','TEAM_INVITE_REJECTED',236,46,'2021-08-20 10:54:32.905000',146),(2744,'aaaa','NORMAL',236,24,'2021-08-20 10:54:36.249000',NULL),(2745,'bbb','NORMAL',236,24,'2021-08-20 10:54:43.129000',NULL),(2746,'(팀 초대 메세지)','TEAM_INVITE_REJECTED',236,46,'2021-08-20 10:55:00.952000',146),(2747,'(팀 초대 메세지)','TEAM_INVITE_REJECTED',236,46,'2021-08-20 10:55:13.685000',146),(2748,'화상회의실이 개설되었습니다','RTC_INVITE',236,46,'2021-08-20 10:55:15.141000',NULL),(2749,'(팀 초대 메세지)','TEAM_INVITE_ACCEPTED',236,46,'2021-08-20 10:55:37.967000',146),(2750,'sgsgsg','NORMAL',235,50,'2021-08-20 10:58:57.127000',NULL),(2751,'sgsg','NORMAL',235,50,'2021-08-20 10:58:58.335000',NULL),(2752,'sgsgsg','NORMAL',235,50,'2021-08-20 10:58:58.938000',NULL),(2753,'sgsg','NORMAL',235,50,'2021-08-20 10:58:59.834000',NULL),(2754,'sdgsgdsg','NORMAL',235,50,'2021-08-20 11:01:08.587000',NULL),(2755,'sdgsdg','NORMAL',235,50,'2021-08-20 11:01:09.341000',NULL),(2756,'dgdg','NORMAL',235,50,'2021-08-20 11:02:19.800000',NULL),(2757,'dgdg','NORMAL',235,50,'2021-08-20 11:02:20.590000',NULL),(2758,'sdgsdgsdg','NORMAL',247,50,'2021-08-20 11:02:31.806000',NULL),(2759,'sdgsdg','NORMAL',247,50,'2021-08-20 11:02:32.722000',NULL),(2760,'ㅁ','NORMAL',236,46,'2021-08-20 11:02:32.967000',NULL),(2761,'(팀 초대 메세지)','TEAM_INVITE_REJECTED',236,46,'2021-08-20 11:02:38.869000',146),(2762,'(팀 초대 메세지)','TEAM_INVITE_WAITING',236,46,'2021-08-20 11:02:44.610000',146),(2763,'화상회의실이 개설되었습니다','RTC_INVITE',236,46,'2021-08-20 11:02:48.580000',NULL),(2764,'sdgsdg','NORMAL',247,50,'2021-08-20 11:03:26.183000',NULL),(2765,'sdgsdg','NORMAL',247,50,'2021-08-20 11:03:26.840000',NULL),(2766,'(팀 초대 메세지)','TEAM_INVITE_REJECTED',236,46,'2021-08-20 11:03:35.538000',146),(2767,'(팀 초대 메세지)','TEAM_INVITE_REJECTED',236,46,'2021-08-20 11:03:39.091000',146),(2768,'화상회의실이 개설되었습니다','RTC_INVITE',236,46,'2021-08-20 11:04:00.905000',NULL),(2769,'ㅁ','NORMAL',236,24,'2021-08-20 11:05:34.518000',NULL),(2770,'화상회의실이 개설되었습니다','RTC_INVITE',236,24,'2021-08-20 11:05:48.043000',NULL),(2771,'(팀 초대 메세지)','TEAM_INVITE_WAITING',236,46,'2021-08-20 11:05:56.637000',146),(2772,'gdgdg','NORMAL',247,50,'2021-08-20 11:06:12.988000',NULL),(2773,'(팀 초대 메세지)','TEAM_INVITE_WAITING',236,46,'2021-08-20 11:06:37.637000',146),(2774,'(팀 초대 메세지)','TEAM_INVITE_ACCEPTED',236,46,'2021-08-20 11:09:24.473000',146),(2775,'ㅇㅎㅇㅎ','NORMAL',248,45,'2021-08-20 11:26:56.981000',NULL),(2776,'(팀 초대 메세지)','TEAM_INVITE_WAITING',180,45,'2021-08-20 11:27:45.636000',63),(2777,'(팀 초대 메세지)','TEAM_INVITE_WAITING',239,45,'2021-08-20 11:28:00.230000',63),(2778,'화상회의실이 개설되었습니다','RTC_INVITE',239,45,'2021-08-20 11:28:09.414000',NULL),(2779,'(팀 초대 메세지)','TEAM_INVITE_WAITING',241,45,'2021-08-20 11:34:23.853000',63),(2780,'(팀 초대 메세지)','TEAM_INVITE_WAITING',241,45,'2021-08-20 11:34:31.673000',63),(2781,'(팀 초대 메세지)','TEAM_INVITE_WAITING',241,45,'2021-08-20 11:34:34.172000',63),(2782,'(팀 초대 메세지)','TEAM_INVITE_WAITING',241,45,'2021-08-20 11:34:35.573000',63),(2783,'(팀 초대 메세지)','TEAM_INVITE_WAITING',241,45,'2021-08-20 11:34:38.043000',63),(2784,'(팀 초대 메세지)','TEAM_INVITE_WAITING',241,45,'2021-08-20 11:34:39.182000',63),(2785,'(팀 초대 메세지)','TEAM_INVITE_WAITING',241,45,'2021-08-20 11:34:44.883000',63),(2786,'(팀 초대 메세지)','TEAM_INVITE_WAITING',241,45,'2021-08-20 11:34:45.602000',63),(2787,'(팀 초대 메세지)','TEAM_INVITE_WAITING',241,45,'2021-08-20 11:35:33.152000',63),(2788,'ㅎㅇㅎ','NORMAL',241,45,'2021-08-20 11:35:35.874000',NULL),(2789,'(팀 초대 메세지)','TEAM_INVITE_WAITING',241,45,'2021-08-20 11:35:38.533000',63),(2790,'(팀 초대 메세지)','TEAM_INVITE_WAITING',241,45,'2021-08-20 11:35:39.763000',63),(2791,'(팀 초대 메세지)','TEAM_INVITE_WAITING',241,45,'2021-08-20 11:36:25.932000',63),(2792,'(팀 초대 메세지)','TEAM_INVITE_WAITING',241,45,'2021-08-20 11:36:28.642000',63),(2793,'(팀 초대 메세지)','TEAM_INVITE_WAITING',241,45,'2021-08-20 11:36:29.599000',63),(2794,'(팀 초대 메세지)','TEAM_INVITE_WAITING',241,45,'2021-08-20 11:36:32.132000',63),(2795,'(팀 초대 메세지)','TEAM_INVITE_WAITING',241,45,'2021-08-20 11:36:57.342000',63),(2796,'(팀 초대 메세지)','TEAM_INVITE_WAITING',241,45,'2021-08-20 11:37:04.457000',63),(2797,'(팀 초대 메세지)','TEAM_INVITE_WAITING',241,45,'2021-08-20 11:37:05.003000',63),(2798,'(팀 초대 메세지)','TEAM_INVITE_WAITING',241,45,'2021-08-20 11:37:06.439000',63),(2799,'(팀 초대 메세지)','TEAM_INVITE_WAITING',239,45,'2021-08-20 11:37:16.334000',63),(2800,'(팀 초대 메세지)','TEAM_INVITE_WAITING',239,45,'2021-08-20 11:37:19.994000',63),(2801,'(팀 초대 메세지)','TEAM_INVITE_WAITING',239,45,'2021-08-20 11:38:01.953000',63),(2802,'(팀 초대 메세지)','TEAM_INVITE_REJECTED',239,45,'2021-08-20 11:38:02.643000',63),(2803,'(팀 초대 메세지)','TEAM_INVITE_WAITING',241,45,'2021-08-20 11:38:40.302000',63),(2804,'(팀 초대 메세지)','TEAM_INVITE_WAITING',241,45,'2021-08-20 11:38:43.357000',63),(2805,'(팀 초대 메세지)','TEAM_INVITE_WAITING',241,45,'2021-08-20 11:38:44.431000',63),(2806,'(팀 초대 메세지)','TEAM_INVITE_WAITING',241,45,'2021-08-20 11:38:45.552000',63),(2807,'(팀 초대 메세지)','TEAM_INVITE_WAITING',241,45,'2021-08-20 11:39:05.906000',63),(2808,'(팀 초대 메세지)','TEAM_INVITE_WAITING',241,45,'2021-08-20 11:39:06.973000',63),(2809,'(팀 초대 메세지)','TEAM_INVITE_WAITING',241,45,'2021-08-20 11:39:14.662000',63),(2810,'(팀 초대 메세지)','TEAM_INVITE_WAITING',241,45,'2021-08-20 11:41:19.582000',63),(2811,'(팀 초대 메세지)','TEAM_INVITE_WAITING',241,45,'2021-08-20 11:41:20.551000',63),(2812,'(팀 초대 메세지)','TEAM_INVITE_WAITING',241,45,'2021-08-20 11:41:25.104000',63),(2813,'(팀 초대 메세지)','TEAM_INVITE_WAITING',241,45,'2021-08-20 11:41:28.691000',63),(2814,'(팀 초대 메세지)','TEAM_INVITE_WAITING',241,45,'2021-08-20 11:44:45.365000',63),(2815,'(팀 초대 메세지)','TEAM_INVITE_WAITING',241,45,'2021-08-20 11:44:48.734000',63),(2816,'(팀 초대 메세지)','TEAM_INVITE_WAITING',249,45,'2021-08-20 11:45:22.603000',63),(2817,'(팀 초대 메세지)','TEAM_INVITE_WAITING',249,45,'2021-08-20 11:45:23.752000',63),(2818,'(팀 초대 메세지)','TEAM_INVITE_WAITING',249,45,'2021-08-20 11:45:26.663000',63),(2819,'(팀 초대 메세지)','TEAM_INVITE_WAITING',249,45,'2021-08-20 11:45:44.433000',63),(2820,'(팀 초대 메세지)','TEAM_INVITE_WAITING',249,45,'2021-08-20 11:45:45.645000',63),(2821,'(팀 초대 메세지)','TEAM_INVITE_WAITING',249,45,'2021-08-20 11:46:07.933000',63),(2822,'(팀 초대 메세지)','TEAM_INVITE_WAITING',249,45,'2021-08-20 11:46:09.106000',63),(2823,'(팀 초대 메세지)','TEAM_INVITE_WAITING',249,45,'2021-08-20 11:46:20.454000',63),(2824,'(팀 초대 메세지)','TEAM_INVITE_WAITING',249,45,'2021-08-20 11:46:21.293000',63),(2825,'(팀 초대 메세지)','TEAM_INVITE_WAITING',249,45,'2021-08-20 11:46:23.957000',63),(2826,'(팀 초대 메세지)','TEAM_INVITE_WAITING',249,45,'2021-08-20 11:46:24.554000',63),(2827,'(팀 초대 메세지)','TEAM_INVITE_WAITING',241,45,'2021-08-20 11:46:41.562000',63),(2828,'(팀 초대 메세지)','TEAM_INVITE_WAITING',241,45,'2021-08-20 11:46:43.633000',63),(2829,'(팀 초대 메세지)','TEAM_INVITE_WAITING',241,45,'2021-08-20 11:46:44.273000',63),(2830,'(팀 초대 메세지)','TEAM_INVITE_WAITING',241,45,'2021-08-20 11:46:46.602000',63),(2831,'(팀 초대 메세지)','TEAM_INVITE_WAITING',241,45,'2021-08-20 11:46:51.793000',63),(2832,'(팀 초대 메세지)','TEAM_INVITE_WAITING',241,45,'2021-08-20 11:46:54.053000',63),(2833,'(팀 초대 메세지)','TEAM_INVITE_WAITING',241,45,'2021-08-20 11:48:10.654000',63),(2834,'(팀 초대 메세지)','TEAM_INVITE_WAITING',241,45,'2021-08-20 11:48:12.123000',63),(2835,'(팀 초대 메세지)','TEAM_INVITE_WAITING',241,45,'2021-08-20 11:48:43.793000',63),(2836,'(팀 초대 메세지)','TEAM_INVITE_WAITING',241,45,'2021-08-20 11:48:49.044000',63),(2837,'(팀 초대 메세지)','TEAM_INVITE_WAITING',241,45,'2021-08-20 11:49:02.476000',63),(2838,'(팀 초대 메세지)','TEAM_INVITE_WAITING',241,45,'2021-08-20 11:54:31.755000',63),(2839,'(팀 초대 메세지)','TEAM_INVITE_WAITING',241,45,'2021-08-20 11:54:39.143000',63),(2840,'(팀 초대 메세지)','TEAM_INVITE_WAITING',241,45,'2021-08-20 11:55:25.144000',63),(2841,'(팀 초대 메세지)','TEAM_INVITE_REJECTED',236,46,'2021-08-20 11:55:57.759000',146),(2842,'(팀 초대 메세지)','TEAM_INVITE_REJECTED',236,46,'2021-08-20 11:56:04.479000',146),(2843,'(팀 초대 메세지)','TEAM_INVITE_REJECTED',236,46,'2021-08-20 11:56:06.415000',146),(2844,'(팀 초대 메세지)','TEAM_INVITE_WAITING',241,45,'2021-08-20 11:56:19.294000',63),(2845,'gdgdg','NORMAL',241,45,'2021-08-20 11:56:24.865000',NULL),(2846,'(팀 초대 메세지)','TEAM_INVITE_WAITING',241,45,'2021-08-20 11:56:27.154000',63),(2847,'dgdg','NORMAL',241,45,'2021-08-20 11:56:30.034000',NULL),(2848,'dgdg','NORMAL',241,45,'2021-08-20 11:56:30.884000',NULL),(2849,'dg','NORMAL',241,45,'2021-08-20 11:56:31.436000',NULL),(2850,'gdgdg','NORMAL',241,45,'2021-08-20 11:57:48.994000',NULL),(2851,'(팀 초대 메세지)','TEAM_INVITE_WAITING',241,45,'2021-08-20 11:57:52.024000',63),(2852,'gdgd','NORMAL',241,45,'2021-08-20 11:57:56.434000',NULL),(2853,'(팀 초대 메세지)','TEAM_INVITE_REJECTED',236,46,'2021-08-20 11:58:56.587000',146),(2854,'(팀 초대 메세지)','TEAM_INVITE_REJECTED',236,46,'2021-08-20 11:58:58.635000',146),(2855,'ii','NORMAL',236,46,'2021-08-20 11:59:10.758000',NULL),(2856,'(팀 초대 메세지)','TEAM_INVITE_REJECTED',236,46,'2021-08-20 11:59:12.298000',146),(2857,'(팀 초대 메세지)','TEAM_INVITE_REJECTED',236,46,'2021-08-20 12:02:46.951000',146),(2858,'(팀 초대 메세지)','TEAM_INVITE_REJECTED',236,46,'2021-08-20 12:02:57.899000',146),(2859,'(팀 초대 메세지)','TEAM_INVITE_REJECTED',236,46,'2021-08-20 12:02:59.049000',146),(2860,'(팀 초대 메세지)','TEAM_INVITE_REJECTED',236,46,'2021-08-20 12:03:00.234000',146),(2861,'(팀 초대 메세지)','TEAM_INVITE_REJECTED',236,46,'2021-08-20 12:03:00.333000',146),(2862,'화상회의실이 개설되었습니다','RTC_INVITE',236,46,'2021-08-20 12:03:01.228000',NULL),(2863,'aaa','NORMAL',236,46,'2021-08-20 12:04:08.181000',NULL),(2864,'(팀 초대 메세지)','TEAM_INVITE_REJECTED',236,46,'2021-08-20 12:04:10.642000',146),(2865,'hh','NORMAL',236,46,'2021-08-20 12:05:13.430000',NULL),(2866,'(팀 초대 메세지)','TEAM_INVITE_WAITING',236,46,'2021-08-20 12:05:15.944000',146),(2867,'(팀 초대 메세지)','TEAM_INVITE_WAITING',236,46,'2021-08-20 12:05:23.289000',146),(2868,'(팀 초대 메세지)','TEAM_INVITE_WAITING',249,45,'2021-08-20 12:07:27.114000',63),(2869,'(팀 초대 메세지)','TEAM_INVITE_WAITING',236,46,'2021-08-20 12:07:27.690000',146),(2870,'(팀 초대 메세지)','TEAM_INVITE_WAITING',249,45,'2021-08-20 12:07:30.404000',63),(2871,'(팀 초대 메세지)','TEAM_INVITE_WAITING',249,45,'2021-08-20 12:08:16.063000',63),(2872,'(팀 초대 메세지)','TEAM_INVITE_WAITING',249,45,'2021-08-20 12:08:23.876000',63),(2873,'(팀 초대 메세지)','TEAM_INVITE_WAITING',249,45,'2021-08-20 12:08:26.823000',63),(2874,'(팀 초대 메세지)','TEAM_INVITE_WAITING',249,45,'2021-08-20 12:09:45.834000',63),(2875,'(팀 초대 메세지)','TEAM_INVITE_WAITING',249,45,'2021-08-20 12:11:31.620000',63),(2876,'(팀 초대 메세지)','TEAM_INVITE_WAITING',249,45,'2021-08-20 12:11:44.824000',63),(2877,'(팀 초대 메세지)','TEAM_INVITE_WAITING',249,45,'2021-08-20 12:11:49.756000',63),(2878,'화상회의실이 개설되었습니다','RTC_INVITE',249,45,'2021-08-20 12:12:39.775000',NULL),(2879,'(팀 초대 메세지)','TEAM_INVITE_WAITING',244,45,'2021-08-20 12:14:36.592000',63),(2880,'(팀 초대 메세지)','TEAM_INVITE_WAITING',244,45,'2021-08-20 12:14:45.254000',63),(2881,'(팀 초대 메세지)','TEAM_INVITE_WAITING',236,46,'2021-08-20 12:15:22.613000',146),(2882,'(팀 초대 메세지)','TEAM_INVITE_REJECTED',236,46,'2021-08-20 12:15:23.721000',146),(2883,'화상회의실이 개설되었습니다','RTC_INVITE',236,46,'2021-08-20 12:15:49.326000',NULL),(2884,'(팀 초대 메세지)','TEAM_INVITE_REJECTED',236,46,'2021-08-20 12:15:55.619000',146),(2885,'(팀 초대 메세지)','TEAM_INVITE_WAITING',244,45,'2021-08-20 12:16:26.216000',63),(2886,'gㅇㄴㅎㄴㅇㅎ','NORMAL',244,45,'2021-08-20 12:16:28.985000',NULL),(2887,'ㄴㅇㅎㄴㅎ','NORMAL',244,45,'2021-08-20 12:16:30.444000',NULL),(2888,'ㄴㅇㅎㄴㅎ','NORMAL',244,45,'2021-08-20 12:16:31.474000',NULL),(2889,'(팀 초대 메세지)','TEAM_INVITE_ACCEPTED',250,45,'2021-08-20 12:18:36.914000',63),(2890,'(팀 초대 메세지)','TEAM_INVITE_ACCEPTED',251,27,'2021-08-20 12:19:28.227000',243),(2891,'(팀 초대 메세지)','TEAM_INVITE_ACCEPTED',253,27,'2021-08-20 12:19:40.387000',243),(2892,'(팀 초대 메세지)','TEAM_INVITE_ACCEPTED',255,27,'2021-08-20 12:19:45.157000',243),(2893,'(팀 초대 메세지)','TEAM_INVITE_ACCEPTED',236,46,'2021-08-20 12:20:24.507000',146),(2894,'(팀 초대 메세지)','TEAM_INVITE_WAITING',239,45,'2021-08-20 12:25:58.233000',63),(2895,'(팀 초대 메세지)','TEAM_INVITE_ACCEPTED',257,346,'2021-08-20 12:26:43.325000',244),(2896,'(팀 초대 메세지)','TEAM_INVITE_REJECTED',236,46,'2021-08-20 12:31:42.325000',146),(2897,'(팀 초대 메세지)','TEAM_INVITE_REJECTED',236,46,'2021-08-20 12:32:01.765000',146),(2898,'fff','NORMAL',236,46,'2021-08-20 12:32:03.033000',NULL),(2899,'(팀 초대 메세지)','TEAM_INVITE_ACCEPTED',236,46,'2021-08-20 12:34:38.952000',146),(2900,'(팀 초대 메세지)','TEAM_INVITE_ACCEPTED',236,46,'2021-08-20 12:36:08.715000',146),(2901,'(팀 초대 메세지)','TEAM_INVITE_REJECTED',258,346,'2021-08-20 12:36:46.741000',244),(2902,'ㅎㅇ','NORMAL',260,24,'2021-08-20 13:14:32.886000',NULL),(2903,'화상회의실이 개설되었습니다','RTC_INVITE',260,24,'2021-08-20 13:14:35.701000',NULL),(2904,'석현님','NORMAL',260,24,'2021-08-20 13:23:00.679000',NULL),(2905,'오셨나요','NORMAL',260,24,'2021-08-20 13:23:02.128000',NULL),(2906,'최봄님','NORMAL',260,24,'2021-08-20 13:23:03.000000',NULL),(2907,'안녕하세요','NORMAL',260,192,'2021-08-20 13:23:21.858000',NULL),(2908,'네네','NORMAL',260,24,'2021-08-20 13:23:27.841000',NULL),(2909,'여름인데 이름은 봄입니다','NORMAL',260,192,'2021-08-20 13:23:35.722000',NULL),(2910,'나중에 webRTC 시연할때는','NORMAL',260,24,'2021-08-20 13:23:39.004000',NULL),(2911,'웹엑스 캠 다 꺼주세요','NORMAL',260,24,'2021-08-20 13:23:43.386000',NULL),(2912,'넹','NORMAL',260,192,'2021-08-20 13:23:51.157000',NULL),(2913,'ㅎㅇㅎㅇ','NORMAL',258,346,'2021-08-20 13:44:36.848000',NULL),(2914,'아 비밀번호 변경하고 이제 왔습니다','NORMAL',260,49,'2021-08-20 13:53:42.674000',NULL),(2915,'보여?','NORMAL',236,46,'2021-08-20 14:04:33.465000',NULL),(2916,'보이냐고','NORMAL',236,46,'2021-08-20 14:04:43.645000',NULL),(2917,'화상회의실이 개설되었습니다','RTC_INVITE',260,24,'2021-08-20 14:12:14.835000',NULL),(2918,'ㅁㅁㅁ','NORMAL',261,24,'2021-08-20 14:16:42.306000',NULL),(2919,'화상회의실이 개설되었습니다','RTC_INVITE',261,24,'2021-08-20 14:17:10.643000',NULL),(2920,'ㅁ','NORMAL',262,24,'2021-08-20 14:19:46.701000',NULL),(2921,'ㄹ','NORMAL',262,24,'2021-08-20 14:19:54.504000',NULL),(2922,'화상회의실이 개설되었습니다','RTC_INVITE',262,24,'2021-08-20 14:19:56.930000',NULL),(2923,'화상회의실이 개설되었습니다','RTC_INVITE',263,24,'2021-08-20 14:20:10.869000',NULL),(2924,'화상회의실이 개설되었습니다','RTC_INVITE',264,23,'2021-08-20 14:24:10.538000',NULL),(2925,'ㅎㅇㅎㅇ','NORMAL',263,50,'2021-08-20 15:28:05.286000',NULL),(2926,'네 석현님...','NORMAL',236,24,'2021-08-20 15:28:32.455000',NULL),(2927,'저... 팀원으로 받아주세요....','NORMAL',236,24,'2021-08-20 15:28:38.932000',NULL),(2928,'(팀 초대 메세지)','TEAM_INVITE_REJECTED',236,46,'2021-08-20 15:28:59.470000',146),(2929,'(팀 초대 메세지)','TEAM_INVITE_ACCEPTED',236,46,'2021-08-20 15:29:42.794000',146),(2930,'a','NORMAL',236,46,'2021-08-20 15:29:51.332000',NULL),(2931,'a','NORMAL',236,46,'2021-08-20 15:29:51.532000',NULL),(2932,'a','NORMAL',236,46,'2021-08-20 15:29:51.732000',NULL),(2933,'a','NORMAL',236,46,'2021-08-20 15:29:51.938000',NULL),(2934,'a','NORMAL',236,46,'2021-08-20 15:29:52.132000',NULL),(2935,'a','NORMAL',236,46,'2021-08-20 15:29:52.323000',NULL),(2936,'a','NORMAL',236,46,'2021-08-20 15:29:52.518000',NULL),(2937,'a','NORMAL',236,46,'2021-08-20 15:29:52.713000',NULL),(2938,'a','NORMAL',236,46,'2021-08-20 15:29:52.890000',NULL),(2939,'a','NORMAL',236,46,'2021-08-20 15:29:53.083000',NULL),(2940,'a','NORMAL',236,46,'2021-08-20 15:29:53.283000',NULL),(2941,'a','NORMAL',236,46,'2021-08-20 15:29:53.467000',NULL),(2942,'a','NORMAL',236,46,'2021-08-20 15:29:53.668000',NULL),(2943,'a','NORMAL',236,46,'2021-08-20 15:29:53.859000',NULL),(2944,'a','NORMAL',236,46,'2021-08-20 15:29:54.067000',NULL),(2945,'(팀 초대 메세지)','TEAM_INVITE_ACCEPTED',232,24,'2021-08-20 15:32:11.756000',245),(2946,'화상회의실이 개설되었습니다','RTC_INVITE',260,24,'2021-08-20 15:33:55.592000',NULL),(2947,'화상회의실이 개설되었습니다','RTC_INVITE',265,24,'2021-08-20 15:57:39.589000',NULL),(2948,'(팀 초대 메세지)','TEAM_INVITE_WAITING',267,24,'2021-08-20 16:01:13.127000',245),(2949,'안녕하세요 :)','NORMAL',269,33,'2021-08-20 16:33:36.335000',NULL),(2950,'화상회의실이 개설되었습니다','RTC_INVITE',265,24,'2021-08-20 16:39:40.590000',NULL),(2951,'안녕하세요','NORMAL',265,24,'2021-08-20 16:40:05.424000',NULL),(2952,'화상회의실이 개설되었습니다','RTC_INVITE',270,24,'2021-08-20 16:40:18.163000',NULL),(2953,'화상회의실이 개설되었습니다','RTC_INVITE',270,24,'2021-08-20 16:40:19.198000',NULL),(2954,'화상회의실이 개설되었습니다','RTC_INVITE',267,24,'2021-08-20 16:40:34.483000',NULL),(2955,'ㅎㅇ','NORMAL',232,48,'2021-08-20 16:40:36.021000',NULL),(2956,'ㅎㅇㅎ','NORMAL',232,48,'2021-08-20 16:40:37.983000',NULL),(2957,'화상회의실이 개설되었습니다','RTC_INVITE',271,24,'2021-08-20 16:40:40.661000',NULL),(2958,'ㅎㅅㅎ~','NORMAL',232,24,'2021-08-20 16:41:57.316000',NULL),(2959,'화상회의실이 개설되었습니다','RTC_INVITE',272,24,'2021-08-20 17:04:20.199000',NULL),(2960,'화상회의실이 개설되었습니다','RTC_INVITE',265,24,'2021-08-20 18:10:43.841000',NULL),(2961,'화상회의실이 개설되었습니다','RTC_INVITE',265,24,'2021-08-20 18:10:44.723000',NULL);
/*!40000 ALTER TABLE `chat` ENABLE KEYS */;
UNLOCK TABLES;

--
-- Table structure for table `chat_room`
--

DROP TABLE IF EXISTS `chat_room`;
/*!40101 SET @saved_cs_client     = @@character_set_client */;
/*!50503 SET character_set_client = utf8mb4 */;
CREATE TABLE `chat_room` (
  `id` bigint NOT NULL AUTO_INCREMENT,
  `created_date` datetime(6) DEFAULT NULL,
  `title` varchar(45) DEFAULT NULL,
  PRIMARY KEY (`id`)
) ENGINE=InnoDB AUTO_INCREMENT=273 DEFAULT CHARSET=utf8mb4 COLLATE=utf8mb4_0900_ai_ci;
/*!40101 SET character_set_client = @saved_cs_client */;

--
-- Dumping data for table `chat_room`
--

LOCK TABLES `chat_room` WRITE;
/*!40000 ALTER TABLE `chat_room` DISABLE KEYS */;
INSERT INTO `chat_room` VALUES (148,'2021-08-12 21:15:45.576000','강승현, 신주환의 방'),(151,'2021-08-12 21:18:57.000000','강승현, 신주환, 안대현의 방'),(152,'2021-08-12 21:25:30.000000','강승현, 신주환, 이우섭의 방'),(153,'2021-08-13 01:17:20.328000','김영환, 정희진의 방'),(154,'2021-08-13 01:17:53.160000','정희진, 장영아의 방'),(155,'2021-08-13 06:36:20.359000','강리정, 장동균의 방'),(156,'2021-08-13 06:37:01.323000','강리정, 장민호의 방'),(157,'2021-08-13 06:39:29.592000','강리정, 장진우의 방'),(158,'2021-08-13 08:40:36.897000','강리정, 장영아의 방'),(159,'2021-08-13 09:00:44.000000','장영아, 팀구, 안석현의 방'),(160,'2021-08-13 10:17:27.000000','장민호, 강승현의 방'),(161,'2021-08-13 12:29:31.000000','장민호, 장동균의 방'),(162,'2021-08-13 13:47:12.000000','장민호, 안석현의 방'),(163,'2021-08-14 02:09:21.000000','강리정, 강승현의 방'),(164,'2021-08-14 11:18:06.111000','장민호, 장동균의 방'),(165,'2021-08-16 02:53:44.198000','강승현, 장영아의 방'),(166,'2021-08-16 03:20:32.205000','강승현, 전도명의 방'),(167,'2021-08-16 03:22:33.000000','이용재, 강리정의 방'),(168,'2021-08-16 03:23:02.087000','서민영, 전도명의 방'),(169,'2021-08-16 06:36:24.357000','강승현, 전선규의 방'),(170,'2021-08-16 06:36:59.395000','강승현, 허남규의 방'),(171,'2021-08-16 06:39:16.602000','강승현, 조동윤의 방'),(172,'2021-08-16 07:07:55.050000','강승현, 정준영의 방'),(174,'2021-08-17 00:57:14.010000','강승현, 정준영의 방'),(175,'2021-08-17 00:57:15.353000','강승현, 정명지의 방'),(176,'2021-08-17 02:28:04.947000','서민영, 노희선의 방'),(177,'2021-08-17 02:34:01.996000','이용재, 노희선의 방'),(178,'2021-08-17 12:16:08.727000','강승현, 노희선의 방'),(179,'2021-08-17 12:34:32.403000','이용재, 박지우의 방'),(180,'2021-08-18 08:21:52.000000','강승현, 안대현의 방'),(181,'2021-08-18 08:21:57.000000','강승현, 서민영의 방'),(182,'2021-08-18 08:25:11.428000','안대현, 노희선의 방'),(183,'2021-08-18 08:30:07.768000','안대현, 박지우의 방'),(184,'2021-08-18 10:03:27.000000','장민호, 김영환의 방'),(185,'2021-08-18 12:37:03.354000','박태종, 미스김의 방'),(186,'2021-08-18 12:52:05.694000','장민호, 노희선의 방'),(187,'2021-08-18 13:08:26.000000','장민호, 강리정의 방'),(188,'2021-08-18 16:49:08.247000','안대현, 이은택의 방'),(189,'2021-08-18 16:49:08.000000','안대현, 이은택의 방'),(190,'2021-08-18 16:49:28.921000','안대현, 임완택의 방'),(191,'2021-08-18 16:49:28.000000','안대현, 임완택의 방'),(192,'2021-08-18 21:58:52.975000','미스장, 박태종의 방'),(193,'2021-08-19 01:34:09.000000','강승현, 강혜린의 방'),(194,'2021-08-19 13:35:44.690000','안석현, 맹창영의 방'),(195,'2021-08-19 13:39:59.000000','안석현, 서민영의 방'),(196,'2021-08-19 13:40:20.000000','안석현, 곽호근의 방'),(197,'2021-08-19 14:01:33.000000','맹창영, 강승현의 방'),(198,'2021-08-19 14:06:09.830000','서민영, 맹창영의 방'),(199,'2021-08-19 14:06:09.000000','서민영, 맹창영의 방'),(200,'2021-08-19 16:54:42.000000','서요셉, 안대현의 방'),(201,'2021-08-19 16:55:04.000000','서요셉, 서민영의 방'),(231,'2021-08-19 20:21:54.000000','강승현, 강리정, 곽호근의 방'),(232,'2021-08-19 20:26:34.000000','윤익선, 강승현의 방'),(233,'2021-08-19 20:27:49.000000','김영환, 강승현의 방'),(234,'2021-08-20 00:38:19.000000','강승현, 박지우의 방'),(235,'2021-08-20 00:38:37.000000','강승현, 장민호, 이용재의 방'),(236,'2021-08-20 02:59:54.000000','안석현, 강승현의 방'),(237,'2021-08-20 02:59:54.415000','안석현, 강승현의 방'),(238,'2021-08-20 04:16:01.000000','박하린, 강승현의 방'),(239,'2021-08-20 08:45:38.270000','안대현, 강리정의 방'),(240,'2021-08-20 08:45:38.000000','안대현, 강리정의 방'),(241,'2021-08-20 08:45:49.848000','안대현, 강민성의 방'),(243,'2021-08-20 08:48:50.029000','안대현, 강서아의 방'),(244,'2021-08-20 08:49:06.384000','안대현, 강소율의 방'),(245,'2021-08-20 08:50:44.086000','안대현, 강연서의 방'),(247,'2021-08-20 08:51:07.000000','안대현, 이용재의 방'),(248,'2021-08-20 11:26:46.000000','안대현, 장민호의 방'),(249,'2021-08-20 11:45:19.000000','안대현, 곽호근의 방'),(250,'2021-08-20 12:18:30.000000','안대현, 전도명의 방'),(251,'2021-08-20 12:19:28.148000','김민주, 권설의 방'),(252,'2021-08-20 12:19:28.000000','김민주, 권설의 방'),(253,'2021-08-20 12:19:40.352000','김민주, 김동욱의 방'),(254,'2021-08-20 12:19:40.000000','김민주, 김동욱의 방'),(255,'2021-08-20 12:19:45.122000','김민주, 김문희의 방'),(256,'2021-08-20 12:19:45.000000','김민주, 김문희의 방'),(257,'2021-08-20 12:26:43.259000','강서아, 강소율의 방'),(258,'2021-08-20 12:36:46.695000','강서아, 강승현의 방'),(260,'2021-08-20 13:14:31.000000','강승현, 전선규, 이동길, 이용재, 장민호의 방'),(261,'2021-08-20 14:16:37.000000','강승현, 이은택의 방'),(262,'2021-08-20 14:19:44.000000','강승현, 이태희의 방'),(263,'2021-08-20 14:20:08.000000','강승현, 이용재의 방'),(264,'2021-08-20 14:24:10.438000','강리정, 김아름의 방'),(265,'2021-08-20 15:57:39.537000','강승현, 강민성의 방'),(266,'2021-08-20 16:00:50.000000','강승현, 오시호의 방'),(267,'2021-08-20 16:01:13.070000','강승현, 강준희의 방'),(268,'2021-08-20 16:01:13.000000','강승현, 강준희의 방'),(269,'2021-08-20 16:33:31.000000','김학영, 강승현의 방'),(270,'2021-08-20 16:40:18.095000','강승현, 강연서의 방'),(271,'2021-08-20 16:40:40.612000','강승현, 강태인의 방'),(272,'2021-08-20 17:04:20.130000','강승현, 권나윤의 방');
/*!40000 ALTER TABLE `chat_room` ENABLE KEYS */;
UNLOCK TABLES;

--
-- Table structure for table `code`
--

DROP TABLE IF EXISTS `code`;
/*!40101 SET @saved_cs_client     = @@character_set_client */;
/*!50503 SET character_set_client = utf8mb4 */;
CREATE TABLE `code` (
  `code` varchar(10) NOT NULL,
  `name` varchar(45) DEFAULT NULL,
  PRIMARY KEY (`code`)
) ENGINE=InnoDB DEFAULT CHARSET=utf8mb4 COLLATE=utf8mb4_0900_ai_ci;
/*!40101 SET character_set_client = @saved_cs_client */;

--
-- Dumping data for table `code`
--

LOCK TABLES `code` WRITE;
/*!40000 ALTER TABLE `code` DISABLE KEYS */;
INSERT INTO `code` VALUES ('PO','position'),('PR','project'),('RE','region'),('SK','skill'),('ST','stage'),('TR','track');
/*!40000 ALTER TABLE `code` ENABLE KEYS */;
UNLOCK TABLES;

--
-- Table structure for table `code_detail`
--

DROP TABLE IF EXISTS `code_detail`;
/*!40101 SET @saved_cs_client     = @@character_set_client */;
/*!50503 SET character_set_client = utf8mb4 */;
CREATE TABLE `code_detail` (
  `code_id` varchar(255) NOT NULL,
  `code_detail` int NOT NULL,
  `name` varchar(45) DEFAULT NULL,
  PRIMARY KEY (`code_id`,`code_detail`),
  CONSTRAINT `FK9upiwk749iml6p0cfxwgvql2i` FOREIGN KEY (`code_id`) REFERENCES `code` (`code`) ON DELETE CASCADE
) ENGINE=InnoDB DEFAULT CHARSET=utf8mb4 COLLATE=utf8mb4_0900_ai_ci;
/*!40101 SET character_set_client = @saved_cs_client */;

--
-- Dumping data for table `code_detail`
--

LOCK TABLES `code_detail` WRITE;
/*!40000 ALTER TABLE `code_detail` DISABLE KEYS */;
INSERT INTO `code_detail` VALUES ('PO',101,'Front'),('PO',102,'Back'),('PO',103,'FullStack'),('PO',104,'DevOps'),('PR',101,'공통'),('PR',102,'특화'),('PR',103,'필드'),('PR',104,'자율'),('RE',101,'광주'),('RE',102,'구미'),('RE',103,'대전'),('RE',104,'서울'),('RE',105,'부울경'),('SK',101,'Java'),('SK',102,'Python'),('SK',103,'C'),('SK',104,'C++'),('SK',105,'C#'),('SK',106,'Vue'),('SK',107,'React'),('SK',108,'JavaScript'),('SK',109,'Kotlin'),('SK',110,'HTML'),('SK',111,'CSS'),('SK',112,'SQL'),('SK',113,'PHP'),('SK',114,'Ruby'),('SK',115,'Dart'),('SK',116,'Scala'),('SK',117,'Perl'),('SK',118,'TypeScript'),('SK',119,'.NET'),('SK',120,'Groovy'),('SK',121,'R'),('SK',122,'Swift'),('SK',123,'Fortran'),('SK',124,'MATLAB'),('SK',125,'Spring'),('SK',126,'MySQL'),('SK',127,'WebRTC'),('SK',128,'JPA'),('ST',102,'2기'),('ST',103,'3기'),('ST',104,'4기'),('ST',105,'5기'),('ST',106,'6기'),('ST',107,'7기'),('TR',101,'웹 기술'),('TR',102,'웹 디자인'),('TR',103,'웹 IoT'),('TR',104,'빅데이터'),('TR',105,'인공지능'),('TR',106,'블록체인'),('TR',107,'IoT'),('TR',110,'안드로이드'),('TR',111,'iOS'),('TR',112,'테슬라 무선사업부'),('TR',113,'애플 리서치'),('TR',114,'아마존 페이');
/*!40000 ALTER TABLE `code_detail` ENABLE KEYS */;
UNLOCK TABLES;

--
-- Table structure for table `conference`
--

DROP TABLE IF EXISTS `conference`;
/*!40101 SET @saved_cs_client     = @@character_set_client */;
/*!50503 SET character_set_client = utf8mb4 */;
CREATE TABLE `conference` (
  `id` bigint NOT NULL AUTO_INCREMENT,
  `call_end_time` datetime(6) DEFAULT NULL,
  `call_start_time` datetime(6) DEFAULT NULL,
  `is_active` smallint NOT NULL,
  `owner_id` bigint DEFAULT NULL,
  PRIMARY KEY (`id`),
  KEY `FK38drjgkfcnv6a4m4ba3n41krm` (`owner_id`),
  CONSTRAINT `FK38drjgkfcnv6a4m4ba3n41krm` FOREIGN KEY (`owner_id`) REFERENCES `user` (`id`)
) ENGINE=InnoDB DEFAULT CHARSET=utf8mb4 COLLATE=utf8mb4_0900_ai_ci;
/*!40101 SET character_set_client = @saved_cs_client */;

--
-- Dumping data for table `conference`
--

LOCK TABLES `conference` WRITE;
/*!40000 ALTER TABLE `conference` DISABLE KEYS */;
/*!40000 ALTER TABLE `conference` ENABLE KEYS */;
UNLOCK TABLES;

--
-- Table structure for table `mapping`
--

DROP TABLE IF EXISTS `mapping`;
/*!40101 SET @saved_cs_client     = @@character_set_client */;
/*!50503 SET character_set_client = utf8mb4 */;
CREATE TABLE `mapping` (
  `id` bigint NOT NULL AUTO_INCREMENT,
  `project_code` int NOT NULL,
  `stage_code` int NOT NULL,
  `track_code` int NOT NULL,
  PRIMARY KEY (`id`)
) ENGINE=InnoDB AUTO_INCREMENT=43 DEFAULT CHARSET=utf8mb4 COLLATE=utf8mb4_0900_ai_ci;
/*!40101 SET character_set_client = @saved_cs_client */;

--
-- Dumping data for table `mapping`
--

LOCK TABLES `mapping` WRITE;
/*!40000 ALTER TABLE `mapping` DISABLE KEYS */;
INSERT INTO `mapping` VALUES (1,101,105,101),(2,101,105,102),(3,101,105,103),(4,102,105,104),(5,102,105,105),(6,102,105,106),(7,102,105,107),(8,101,104,101),(9,101,104,102),(10,101,104,103),(11,102,104,104),(12,102,104,105),(29,101,106,102),(31,101,106,104),(37,104,105,111),(38,103,105,112),(39,103,105,113),(40,103,105,114);
/*!40000 ALTER TABLE `mapping` ENABLE KEYS */;
UNLOCK TABLES;

--
-- Table structure for table `notice`
--

DROP TABLE IF EXISTS `notice`;
/*!40101 SET @saved_cs_client     = @@character_set_client */;
/*!50503 SET character_set_client = utf8mb4 */;
CREATE TABLE `notice` (
  `id` bigint NOT NULL AUTO_INCREMENT,
  `content` varchar(2000) DEFAULT NULL,
  `create_date` datetime(6) DEFAULT NULL,
  `modify_date` datetime(6) DEFAULT NULL,
  `title` varchar(80) DEFAULT NULL,
  `writer_id` bigint DEFAULT NULL,
  PRIMARY KEY (`id`),
  KEY `FKfj2rj7pojocm45asimac3786r` (`writer_id`),
  CONSTRAINT `FKfj2rj7pojocm45asimac3786r` FOREIGN KEY (`writer_id`) REFERENCES `user` (`id`)
) ENGINE=InnoDB AUTO_INCREMENT=75 DEFAULT CHARSET=utf8mb4 COLLATE=utf8mb4_0900_ai_ci;
/*!40101 SET character_set_client = @saved_cs_client */;

--
-- Dumping data for table `notice`
--

LOCK TABLES `notice` WRITE;
/*!40000 ALTER TABLE `notice` DISABLE KEYS */;
INSERT INTO `notice` VALUES (68,'<h1>8/15(일) 13:00 ~ 8/19(목) 24:00 까지</h1><p><br></p><p>팀구성을 진행해주세요.</p><p><br></p><p>완성된 팀은 팀구 페이지의 팀풀 페이지를 통해 팀원을 등록해주세요.</p><p><br></p><h1><strong style=\"color: rgb(230, 0, 0);\">이때 반드시 팀장만 제출해주시면 됩니다.</strong></h1><p><br></p><p>(팀원은 제출하지 말아주세요.)</p><p><br></p><p>팀 구성의 기준은 <strong><u>[5인 1팀] </u></strong>이며 해당 조건은 반드시 지켜주셔야 합니다.</p><p><br></p><p>다들 남은 프로젝트 기간 충실히 수행하여 좋은 결과물을 만들어내기를 기원합니다.</p>','2021-08-20 03:00:56.000000','2021-08-20 03:00:56.000000','공통프로젝트 팀구성을 진행해주세요',1),(69,'<p><img src=\"https://i5a202.p.ssafy.io:8080/api/file/display?url=notice/images/04b29480233f4def5c875875b6bdc3b1.png/\"></p><p><br></p><p>다들 8월 한 달 무탈하셨죠!</p><p><br></p><p>벌써 8월도 10일 밖에 남지 않은 시점입니다.</p><p><br></p><p>설문 조사를 위해 교육생 여러분들의 서명이 필요합니다.</p><p><br></p><h2>반드시<span style=\"color: rgb(230, 0, 0);\"> 8/25(수) 19:00</span> 까지 서명 파일을 작성하여 제출해주시기를 바랍니다.</h2>','2021-08-20 03:06:06.000000','2021-08-20 03:06:06.000000','8월 교육에 대한 설문을 진행합니다.',1),(70,'<h1><strong><u>최근 유튜브 강의 출석률이 굉장히 미흡한 상태입니다.</u></strong></h1><p><br></p><p>다들 프로젝트 기간이라 육체적으로나 마음적으로 힘들다는 것을 이해하지만 <strong style=\"color: rgb(230, 0, 0);\">꼭 유튜브 라이브에 참석해주셔야 합니다.</strong></p><p><br></p><p>유튜브 출석을 항상 확인하고 있으며 이를 반영할 계획에 있습니다.</p><p><br></p><p>양질의 유튜브 강의와 프로젝트, 2마리 토끼를 다 잡는 교육생이 되시기를 바랍니다.</p><p><br></p><p><br></p>','2021-08-20 03:10:30.000000','2021-08-20 03:10:30.000000','유튜브 강의 참여도가 미흡합니다.',1),(71,'<h1>08/22(일) ~ 08/28(토) 까지 팀구레이스를 진행합니다.</h1><p><br></p><p><img src=\"https://i5a202.p.ssafy.io:8080/api/file/display?url=notice/images/7e064e98a822505ba0cc84e3cddec86d.jpg/\"></p><p><br></p><h1><strong style=\"background-color: rgb(255, 255, 204);\">1등에게는 무려 일론 머스크와의 통화가 준비되어 있습니다.</strong></h1><p><br></p><p>저도 굉장히 탐나는 상품인데요. </p><p><br></p><p>다들 한 주간 팀구레이스에 몰입하여 좋은 기회를 얻어가면 어떨까 싶습니다.</p><p><br></p><p><br></p><p><br></p><p><br></p><p><br></p><p><br></p>','2021-08-20 03:15:05.000000','2021-08-20 03:15:05.000000','팀~구~레~이~스',1),(72,'<h1 class=\"ql-align-center\"><strong>이 달의 베스트 교육생을 발표합니다</strong></h1><p class=\"ql-align-center\"><br></p><p class=\"ql-align-center\"><br></p><p class=\"ql-align-center\"><br></p><p class=\"ql-align-center\">두구두구두구두구두구두구두구.........................</p><p class=\"ql-align-center\"><br></p><p class=\"ql-align-center\"><br></p><p class=\"ql-align-center\"><br></p><h2 class=\"ql-align-center\">🎉🎉축하합니다🎉🎉</h2><p class=\"ql-align-center\"><br></p><p class=\"ql-align-center\"><br></p><p class=\"ql-align-center\"><br></p><h2 class=\"ql-align-center\"><strong style=\"background-color: rgb(255, 235, 204);\">2반 강승현</strong></h2><h2 class=\"ql-align-center\"><br></h2><h2 class=\"ql-align-center\"><strong style=\"background-color: rgb(255, 255, 0);\">2반 안석현</strong></h2><h2 class=\"ql-align-center\"><br></h2><h2 class=\"ql-align-center\"><strong style=\"background-color: rgb(235, 214, 255);\">2반 이동길</strong></h2><h2 class=\"ql-align-center\"><br></h2><h2 class=\"ql-align-center\"><strong style=\"background-color: rgb(255, 235, 204);\">2반 이용재</strong></h2><h2 class=\"ql-align-center\"><br></h2><h2 class=\"ql-align-center\"><strong style=\"background-color: rgb(255, 255, 0);\">2반 장동균</strong></h2><h2 class=\"ql-align-center\"><br></h2><h2 class=\"ql-align-center\"><strong style=\"background-color: rgb(0, 138, 0);\">2반 장민호</strong></h2><h2 class=\"ql-align-center\"><br></h2><h2 class=\"ql-align-center\"><strong style=\"background-color: rgb(178, 178, 0);\">2반 현선미</strong></h2><p class=\"ql-align-center\"><br></p><p class=\"ql-align-center\"><br></p><h2 class=\"ql-align-center\">이 달의 베스트 교육생들에게는 50만원 상당의 아웃백 쿠폰이 지급됩니다.</h2><p class=\"ql-align-center\"><br></p><p class=\"ql-align-center\">다른 교육생 여러분들도 다음 달의 베스트 교육생이 되기 위해 노력해보아요.</p><p class=\"ql-align-center\"><br></p><p class=\"ql-align-center\"><br></p><p class=\"ql-align-center\"><br></p><p class=\"ql-align-center\"><br></p><p class=\"ql-align-center\"><br></p><p class=\"ql-align-center\"><br></p>','2021-08-20 03:23:51.000000','2021-08-20 03:23:51.000000','이 달의 베스트 교육생을 발표합니다.',1),(73,'<h1><strong>😍😍오매불망하던 팀구 밋업이 드디어 돌아왔습니다.😍😍</strong></h1><p><br></p><p>이번 팀구 밋업은 다채로운 교육 컨텐츠 뿐만 아니라 초대 가수의 공연까지 준비되어있다고 하는데요.</p><p><br></p><p>바로......</p><p><br></p><p><img src=\"https://i5a202.p.ssafy.io:8080/api/file/display?url=notice/images/8afa220ae420aaeb72e8304dcb1d93f5.jpg/\"></p><p><br></p><h2><strong style=\"background-color: rgb(0, 0, 0); color: rgb(255, 255, 255);\">블랙</strong><strong style=\"background-color: rgb(250, 204, 204);\">핑크</strong><strong> 입니다!</strong></h2><p><br></p><p>어렵게 모신 초대가수이니 많은 호응과 채팅 부탁드리겠습니다.</p><p><br></p><p><br></p><p><br></p>','2021-08-20 03:30:12.000000','2021-08-20 03:30:12.000000','8월 31일 드디어 팀구 밋업이 준비되어있습니다.',1),(74,'<h1><strong>드디어!</strong></h1><p><br></p><h2><strong>9월 부터 한 달간 교육생 여러분들이 지금까지 갈고 닦아온 알고리즘 실력을 경연하는 대회가 준비되었습니다.</strong></h2><p><br></p><h2><strong style=\"background-color: rgb(230, 0, 0); color: rgb(255, 255, 255);\">이름하야~ 일~타~쌍~피~</strong></h2><p><br></p><p><img src=\"https://i5a202.p.ssafy.io:8080/api/file/display?url=notice/images/c9cb6b400a1e185d3f5b0edbad6d024b.png/\"></p><p><br></p><h2>여러분들에게는 총 48개의 패가 주어집니다.</h2><h2><br></h2><h2>여기에서 가장 빠르게 🥇🥇삼팔광땡을 뽑는 교육생이 승리하게 됩니다.</h2><p><br></p><p>48개의 패 중 단 2개의 패를 빠르게 뽑는 일타쌍피.... 벌써 부터 알고리즘적인 아이디어들이 샘솟지 않나요?</p><p><br></p><p>여러분들의 참신하고 획기적인 아이디어를 기다리겠습니다.</p>','2021-08-20 03:46:27.000000','2021-08-20 03:46:27.000000','알고리즘 경연 대회 일 타 쌍 피',1);
/*!40000 ALTER TABLE `notice` ENABLE KEYS */;
UNLOCK TABLES;

--
-- Table structure for table `notice_file`
--

DROP TABLE IF EXISTS `notice_file`;
/*!40101 SET @saved_cs_client     = @@character_set_client */;
/*!50503 SET character_set_client = utf8mb4 */;
CREATE TABLE `notice_file` (
  `id` bigint NOT NULL AUTO_INCREMENT,
  `extension` varchar(45) DEFAULT NULL,
  `name` varchar(45) DEFAULT NULL,
  `original_name` varchar(120) DEFAULT NULL,
  `regist_date` date DEFAULT NULL,
  `notice_id` bigint DEFAULT NULL,
  PRIMARY KEY (`id`),
  KEY `FKki5xdltri56drlbp92rsbhhq` (`notice_id`),
  CONSTRAINT `FKki5xdltri56drlbp92rsbhhq` FOREIGN KEY (`notice_id`) REFERENCES `notice` (`id`)
) ENGINE=InnoDB AUTO_INCREMENT=29 DEFAULT CHARSET=utf8mb4 COLLATE=utf8mb4_0900_ai_ci;
/*!40101 SET character_set_client = @saved_cs_client */;

--
-- Dumping data for table `notice_file`
--

LOCK TABLES `notice_file` WRITE;
/*!40000 ALTER TABLE `notice_file` DISABLE KEYS */;
INSERT INTO `notice_file` VALUES (26,'docx','1821e388ea67ddadd68e9a2be5e5d3da','서명 파일','2021-08-20',69),(27,'jpg','7e064e98a822505ba0cc84e3cddec86d','ilonmusk','2021-08-20',71),(28,'md','27e6f3afce00f412d9152107c31a8f28','이달의 교육생 명단','2021-08-20',72);
/*!40000 ALTER TABLE `notice_file` ENABLE KEYS */;
UNLOCK TABLES;

--
-- Table structure for table `project_detail`
--

DROP TABLE IF EXISTS `project_detail`;
/*!40101 SET @saved_cs_client     = @@character_set_client */;
/*!50503 SET character_set_client = utf8mb4 */;
CREATE TABLE `project_detail` (
  `id` bigint NOT NULL AUTO_INCREMENT,
  `project_code` int NOT NULL,
  `stage_code` int NOT NULL,
  `active_date` datetime(6) DEFAULT NULL,
  `end_date` datetime(6) DEFAULT NULL,
  `start_date` datetime(6) DEFAULT NULL,
  PRIMARY KEY (`id`,`project_code`,`stage_code`)
) ENGINE=InnoDB AUTO_INCREMENT=11 DEFAULT CHARSET=utf8mb4 COLLATE=utf8mb4_0900_ai_ci;
/*!40101 SET character_set_client = @saved_cs_client */;

--
-- Dumping data for table `project_detail`
--

LOCK TABLES `project_detail` WRITE;
/*!40000 ALTER TABLE `project_detail` DISABLE KEYS */;
INSERT INTO `project_detail` VALUES (1,101,105,'2021-06-28 09:00:00.000000','2021-08-20 09:00:00.000000','2021-07-05 09:00:00.000000'),(2,102,105,'2021-08-17 09:00:00.000000','2021-10-08 09:00:00.000000','2021-08-23 09:00:00.000000'),(3,103,105,'2021-08-17 09:00:00.000000','2021-10-08 09:00:00.000000','2021-08-23 09:00:00.000000');
/*!40000 ALTER TABLE `project_detail` ENABLE KEYS */;
UNLOCK TABLES;

--
-- Table structure for table `quiz`
--

DROP TABLE IF EXISTS `quiz`;
/*!40101 SET @saved_cs_client     = @@character_set_client */;
/*!50503 SET character_set_client = utf8mb4 */;
CREATE TABLE `quiz` (
  `question` varchar(80) DEFAULT NULL,
  `user_id` bigint NOT NULL,
  PRIMARY KEY (`user_id`),
  CONSTRAINT `FK1tofsm1qynhakggx7ttqh8ihu` FOREIGN KEY (`user_id`) REFERENCES `user` (`id`)
) ENGINE=InnoDB DEFAULT CHARSET=utf8mb4 COLLATE=utf8mb4_0900_ai_ci;
/*!40101 SET character_set_client = @saved_cs_client */;

--
-- Dumping data for table `quiz`
--

LOCK TABLES `quiz` WRITE;
/*!40000 ALTER TABLE `quiz` DISABLE KEYS */;
/*!40000 ALTER TABLE `quiz` ENABLE KEYS */;
UNLOCK TABLES;

--
-- Table structure for table `quiz_score`
--

DROP TABLE IF EXISTS `quiz_score`;
/*!40101 SET @saved_cs_client     = @@character_set_client */;
/*!50503 SET character_set_client = utf8mb4 */;
CREATE TABLE `quiz_score` (
  `score` int NOT NULL,
  `author_id` bigint NOT NULL,
  PRIMARY KEY (`author_id`),
  CONSTRAINT `FKktlp59s27vmy2yc8px6lupdjc` FOREIGN KEY (`author_id`) REFERENCES `user` (`id`)
) ENGINE=InnoDB DEFAULT CHARSET=utf8mb4 COLLATE=utf8mb4_0900_ai_ci;
/*!40101 SET character_set_client = @saved_cs_client */;

--
-- Dumping data for table `quiz_score`
--

LOCK TABLES `quiz_score` WRITE;
/*!40000 ALTER TABLE `quiz_score` DISABLE KEYS */;
/*!40000 ALTER TABLE `quiz_score` ENABLE KEYS */;
UNLOCK TABLES;

--
-- Table structure for table `skill`
--

DROP TABLE IF EXISTS `skill`;
/*!40101 SET @saved_cs_client     = @@character_set_client */;
/*!50503 SET character_set_client = utf8mb4 */;
CREATE TABLE `skill` (
  `skill_code` int NOT NULL,
  `user_id` bigint NOT NULL,
  PRIMARY KEY (`skill_code`,`user_id`),
  KEY `FKlgluovqqqd34v705og915ryye` (`user_id`),
  CONSTRAINT `FKlgluovqqqd34v705og915ryye` FOREIGN KEY (`user_id`) REFERENCES `user` (`id`) ON DELETE CASCADE
) ENGINE=InnoDB DEFAULT CHARSET=utf8mb4 COLLATE=utf8mb4_0900_ai_ci;
/*!40101 SET character_set_client = @saved_cs_client */;

--
-- Dumping data for table `skill`
--

LOCK TABLES `skill` WRITE;
/*!40000 ALTER TABLE `skill` DISABLE KEYS */;
INSERT INTO `skill` VALUES (104,1),(101,2),(102,2),(103,2),(105,2),(108,2),(109,2),(110,2),(107,6),(103,7),(106,7),(107,7),(126,18),(127,18),(128,18),(108,23),(101,24),(102,24),(103,24),(104,24),(105,24),(106,24),(108,24),(110,24),(111,24),(112,24),(125,24),(128,24),(101,25),(106,25),(107,25),(108,25),(110,25),(111,25),(125,25),(126,25),(127,25),(128,25),(106,26),(107,26),(108,26),(110,26),(111,26),(106,27),(107,27),(108,27),(102,28),(121,28),(127,28),(125,29),(101,31),(106,31),(107,31),(106,32),(107,32),(108,32),(101,33),(106,33),(107,33),(108,33),(110,33),(111,33),(125,33),(126,33),(127,33),(128,33),(101,34),(125,34),(126,34),(128,34),(101,35),(112,35),(125,35),(126,35),(128,35),(101,36),(106,36),(107,36),(108,36),(110,36),(111,36),(125,36),(126,36),(127,36),(128,36),(106,37),(107,37),(108,37),(110,37),(111,37),(106,38),(102,39),(107,39),(108,39),(111,39),(107,40),(108,40),(107,41),(108,41),(110,41),(111,41),(127,42),(101,43),(106,43),(107,43),(125,43),(126,43),(127,43),(128,43),(106,44),(108,44),(126,44),(125,45),(126,45),(128,45),(106,46),(107,46),(110,46),(111,46),(125,46),(126,46),(127,46),(128,46),(106,47),(101,48),(103,48),(104,48),(107,48),(108,48),(110,48),(111,48),(126,48),(125,53),(101,54),(125,54),(126,54),(128,54),(107,56),(108,56),(111,56),(101,57),(106,57),(108,57),(110,57),(111,57),(125,57),(126,57),(128,57),(107,58),(101,60),(102,60),(104,60),(106,60),(107,60),(111,60),(125,62),(106,63),(101,64),(106,64),(107,64),(108,64),(110,64),(111,64),(125,64),(126,64),(127,64),(128,64),(106,65),(125,66),(103,83),(107,85),(108,85),(110,85),(111,85),(101,92),(125,92),(126,92),(101,101),(103,101),(106,101),(108,101),(110,101),(111,101),(115,101),(121,101),(126,101),(127,101),(128,101),(101,102),(105,102),(110,102),(115,102),(121,102),(126,102),(102,103),(103,103),(107,103),(113,103),(117,103),(118,103),(122,103),(126,103),(101,104),(104,104),(107,104),(110,104),(111,104),(113,104),(114,104),(118,104),(124,104),(126,104),(127,104),(128,104),(101,105),(105,105),(106,105),(107,105),(113,105),(114,105),(120,105),(122,105),(124,105),(127,105),(102,106),(103,106),(106,106),(107,106),(110,106),(116,106),(119,106),(123,106),(124,106),(128,106),(102,107),(106,107),(112,107),(113,107),(115,107),(117,107),(120,107),(123,107),(101,108),(103,108),(109,108),(115,108),(118,108),(124,108),(102,109),(104,109),(110,109),(114,109),(116,109),(121,109),(122,109),(124,109),(128,109),(102,110),(108,110),(109,110),(110,110),(115,110),(118,110),(124,110),(102,111),(103,111),(106,111),(111,111),(114,111),(115,111),(118,111),(121,111),(126,111),(102,112),(105,112),(109,112),(115,112),(121,112),(126,112),(101,113),(103,113),(104,113),(107,113),(113,113),(117,113),(122,113),(127,113),(128,113),(101,114),(104,114),(106,114),(107,114),(109,114),(112,114),(113,114),(114,114),(120,114),(125,114),(102,115),(105,115),(107,115),(112,115),(116,115),(121,115),(125,115),(102,116),(106,116),(109,116),(114,116),(119,116),(122,116),(123,116),(102,117),(107,117),(110,117),(112,117),(117,117),(123,117),(127,117),(101,118),(107,118),(113,118),(117,118),(119,118),(123,118),(102,119),(103,119),(106,119),(110,119),(115,119),(116,119),(118,119),(120,119),(121,119),(127,119),(128,119),(102,120),(108,120),(113,120),(118,120),(123,120),(126,120),(102,121),(103,121),(104,121),(108,121),(109,121),(115,121),(118,121),(120,121),(121,121),(124,121),(101,122),(102,122),(104,122),(105,122),(109,122),(114,122),(119,122),(124,122),(126,122),(102,123),(106,123),(108,123),(111,123),(115,123),(119,123),(121,123),(122,123),(127,123),(101,124),(105,124),(109,124),(110,124),(115,124),(120,124),(126,124),(101,125),(102,125),(103,125),(107,125),(109,125),(111,125),(112,125),(116,125),(119,125),(122,125),(124,125),(127,125),(102,126),(104,126),(106,126),(110,126),(111,126),(114,126),(119,126),(125,126),(102,127),(104,127),(105,127),(111,127),(113,127),(114,127),(116,127),(120,127),(123,127),(125,127),(127,127),(102,128),(108,128),(114,128),(117,128),(122,128),(126,128),(101,129),(104,129),(106,129),(108,129),(112,129),(118,129),(122,129),(124,129),(101,130),(105,130),(109,130),(110,130),(114,130),(119,130),(125,130),(101,131),(104,131),(106,131),(109,131),(113,131),(115,131),(117,131),(118,131),(120,131),(125,131),(128,131),(101,132),(103,132),(105,132),(109,132),(112,132),(113,132),(117,132),(118,132),(124,132),(127,132),(101,133),(105,133),(110,133),(111,133),(117,133),(120,133),(124,133),(101,134),(105,134),(109,134),(113,134),(116,134),(119,134),(123,134),(128,134),(101,135),(104,135),(105,135),(107,135),(113,135),(117,135),(119,135),(124,135),(102,136),(103,136),(106,136),(112,136),(116,136),(119,136),(125,136),(127,136),(102,137),(104,137),(108,137),(111,137),(116,137),(122,137),(123,137),(102,138),(105,138),(111,138),(115,138),(120,138),(122,138),(128,138),(102,139),(105,139),(108,139),(109,139),(115,139),(118,139),(121,139),(126,139),(102,140),(106,140),(112,140),(113,140),(119,140),(124,140),(126,140),(102,141),(107,141),(111,141),(115,141),(119,141),(120,141),(123,141),(128,141),(101,142),(105,142),(109,142),(111,142),(114,142),(119,142),(122,142),(127,142),(102,143),(107,143),(110,143),(111,143),(112,143),(113,143),(119,143),(123,143),(125,143),(127,143),(101,144),(104,144),(108,144),(109,144),(113,144),(119,144),(125,144),(128,144),(102,145),(103,145),(109,145),(115,145),(117,145),(118,145),(123,145),(125,145),(127,145),(102,146),(106,146),(112,146),(118,146),(119,146),(123,146),(126,146),(102,147),(106,147),(111,147),(115,147),(119,147),(124,147),(127,147),(102,148),(107,148),(111,148),(114,148),(115,148),(119,148),(123,148),(124,148),(128,148),(101,149),(107,149),(110,149),(116,149),(121,149),(127,149),(128,149),(101,150),(107,150),(108,150),(112,150),(117,150),(119,150),(125,150),(102,151),(105,151),(106,151),(108,151),(110,151),(111,151),(112,151),(118,151),(122,151),(124,151),(127,151),(101,152),(106,152),(110,152),(113,152),(116,152),(121,152),(126,152),(102,153),(107,153),(112,153),(117,153),(122,153),(125,153),(102,154),(107,154),(113,154),(117,154),(123,154),(124,154),(128,154),(102,155),(104,155),(107,155),(112,155),(113,155),(119,155),(124,155),(125,155),(126,155),(128,155),(101,156),(106,156),(107,156),(111,156),(112,156),(117,156),(121,156),(126,156),(101,157),(107,157),(108,157),(110,157),(114,157),(115,157),(120,157),(124,157),(126,157),(101,158),(106,158),(109,158),(113,158),(119,158),(120,158),(124,158),(127,158),(101,159),(107,159),(112,159),(113,159),(118,159),(124,159),(127,159),(101,160),(106,160),(111,160),(113,160),(115,160),(117,160),(120,160),(125,160),(126,160),(101,161),(102,161),(121,161),(101,162),(102,162),(106,162),(107,162),(101,163),(107,163),(112,163),(113,163),(114,163),(119,163),(120,163),(125,163),(127,163),(102,164),(104,164),(109,164),(114,164),(118,164),(124,164),(127,164),(102,165),(106,165),(108,165),(113,165),(114,165),(120,165),(124,165),(102,166),(104,166),(110,166),(115,166),(117,166),(118,166),(122,166),(128,166),(102,167),(106,167),(107,167),(110,167),(116,167),(118,167),(120,167),(126,167),(102,168),(108,168),(109,168),(114,168),(118,168),(123,168),(101,169),(104,169),(110,169),(116,169),(117,169),(122,169),(123,169),(126,169),(127,169),(101,170),(107,170),(108,170),(111,170),(114,170),(117,170),(118,170),(121,170),(124,170),(102,171),(103,171),(109,171),(111,171),(114,171),(118,171),(121,171),(125,171),(128,171),(101,172),(104,172),(107,172),(110,172),(111,172),(114,172),(118,172),(124,172),(102,173),(104,173),(106,173),(110,173),(116,173),(117,173),(122,173),(125,173),(102,174),(103,174),(106,174),(111,174),(117,174),(118,174),(124,174),(127,174),(128,174),(101,175),(105,175),(111,175),(116,175),(118,175),(119,175),(124,175),(127,175),(128,175),(102,176),(108,176),(114,176),(119,176),(121,176),(124,176),(101,177),(104,177),(105,177),(110,177),(114,177),(119,177),(120,177),(126,177),(127,177),(128,177),(102,178),(106,178),(110,178),(115,178),(121,178),(123,178),(127,178),(101,179),(104,179),(107,179),(112,179),(117,179),(123,179),(102,180),(104,180),(108,180),(111,180),(112,180),(118,180),(123,180),(125,180),(102,181),(108,181),(111,181),(114,181),(120,181),(121,181),(127,181),(102,182),(107,182),(109,182),(114,182),(117,182),(120,182),(123,182),(125,182),(128,182),(102,183),(107,183),(108,183),(109,183),(114,183),(119,183),(123,183),(126,183),(128,183),(101,184),(102,184),(107,184),(111,184),(114,184),(119,184),(121,184),(127,184),(102,185),(103,185),(109,185),(110,185),(115,185),(119,185),(124,185),(126,185),(101,186),(102,186),(106,186),(108,186),(112,186),(114,186),(119,186),(125,186),(127,186),(102,187),(103,187),(106,187),(107,187),(109,187),(113,187),(115,187),(118,187),(123,187),(126,187),(101,188),(104,188),(110,188),(111,188),(116,188),(118,188),(119,188),(122,188),(128,188),(102,189),(108,189),(113,189),(117,189),(123,189),(102,190),(106,190),(111,190),(112,190),(116,190),(117,190),(123,190),(125,190),(127,190),(102,191),(107,191),(112,191),(118,191),(119,191),(123,191),(127,191),(101,192),(102,192),(105,192),(111,192),(115,192),(117,192),(121,192),(123,192),(126,192),(101,193),(106,193),(111,193),(112,193),(115,193),(120,193),(124,193),(126,193),(102,194),(108,194),(109,194),(110,194),(112,194),(117,194),(119,194),(124,194),(127,194),(101,195),(104,195),(106,195),(111,195),(117,195),(122,195),(128,195),(101,196),(106,196),(109,196),(110,196),(112,196),(116,196),(120,196),(126,196),(101,197),(125,197),(126,197),(101,198),(103,198),(108,198),(109,198),(114,198),(120,198),(122,198),(126,198),(128,198),(102,199),(105,199),(107,199),(108,199),(113,199),(116,199),(120,199),(126,199),(102,200),(105,200),(110,200),(114,200),(119,200),(121,200),(124,200),(128,200),(101,201),(104,201),(108,201),(111,201),(114,201),(116,201),(119,201),(124,201),(125,201),(128,201),(101,202),(104,202),(107,202),(110,202),(111,202),(114,202),(117,202),(118,202),(121,202),(125,202),(101,203),(105,203),(108,203),(113,203),(116,203),(120,203),(125,203),(126,203),(102,204),(106,204),(110,204),(114,204),(120,204),(125,204),(127,204),(101,205),(107,205),(110,205),(112,205),(114,205),(117,205),(118,205),(123,205),(102,206),(105,206),(110,206),(112,206),(113,206),(118,206),(122,206),(127,206),(128,206),(101,207),(107,207),(113,207),(117,207),(120,207),(122,207),(124,207),(126,207),(102,208),(103,208),(107,208),(110,208),(112,208),(118,208),(123,208),(124,208),(102,209),(104,209),(107,209),(110,209),(116,209),(118,209),(122,209),(125,209),(126,209),(127,209),(128,209),(101,210),(107,210),(113,210),(118,210),(124,210),(127,210),(101,211),(105,211),(111,211),(117,211),(118,211),(120,211),(126,211),(127,211),(102,212),(107,212),(108,212),(111,212),(114,212),(120,212),(121,212),(125,212),(127,212),(101,213),(106,213),(108,213),(114,213),(116,213),(119,213),(123,213),(127,213),(128,213),(101,214),(104,214),(107,214),(109,214),(113,214),(116,214),(119,214),(122,214),(123,214),(106,215),(107,215),(108,215),(110,215),(111,215),(101,216),(106,216),(107,216),(108,216),(110,216),(111,216),(126,216),(102,217),(121,217),(126,217),(101,218),(102,218),(106,218),(107,218),(113,218),(125,218),(126,218),(102,219),(104,219),(108,219),(109,219),(112,219),(117,219),(122,219),(127,219),(102,220),(104,220),(107,220),(113,220),(114,220),(118,220),(122,220),(124,220),(106,221),(107,221),(101,222),(107,222),(113,222),(116,222),(121,222),(123,222),(128,222),(102,223),(105,223),(110,223),(115,223),(117,223),(118,223),(120,223),(123,223),(127,223),(102,224),(104,224),(109,224),(115,224),(117,224),(121,224),(123,224),(125,224),(102,225),(107,225),(112,225),(115,225),(119,225),(125,225),(126,225),(128,225),(101,226),(125,226),(126,226),(106,227),(107,227),(108,227),(110,227),(111,227),(102,228),(106,228),(109,228),(111,228),(113,228),(117,228),(118,228),(121,228),(125,228),(126,228),(101,229),(102,229),(108,229),(109,229),(113,229),(116,229),(121,229),(125,229),(126,229),(128,229),(102,230),(108,230),(113,230),(117,230),(123,230),(127,230),(102,231),(103,231),(104,231),(110,231),(112,231),(117,231),(122,231),(126,231),(102,232),(108,232),(112,232),(115,232),(118,232),(124,232),(126,232),(128,232),(102,233),(106,233),(109,233),(112,233),(115,233),(121,233),(126,233),(101,234),(103,234),(106,234),(111,234),(117,234),(122,234),(124,234),(128,234),(102,235),(103,235),(106,235),(108,235),(113,235),(116,235),(118,235),(122,235),(128,235),(102,236),(105,236),(110,236),(116,236),(121,236),(122,236),(128,236),(101,237),(105,237),(106,237),(112,237),(117,237),(120,237),(126,237),(102,238),(105,238),(106,238),(107,238),(109,238),(112,238),(117,238),(123,238),(127,238),(102,239),(103,239),(107,239),(113,239),(118,239),(119,239),(122,239),(126,239),(101,240),(105,240),(111,240),(112,240),(114,240),(115,240),(120,240),(122,240),(128,240),(102,241),(108,241),(112,241),(113,241),(118,241),(121,241),(125,241),(101,242),(106,242),(110,242),(115,242),(116,242),(121,242),(124,242),(102,243),(105,243),(111,243),(114,243),(117,243),(121,243),(126,243),(101,244),(105,244),(108,244),(109,244),(115,244),(119,244),(120,244),(124,244),(102,245),(106,245),(108,245),(110,245),(112,245),(118,245),(121,245),(126,245),(102,246),(108,246),(109,246),(114,246),(115,246),(119,246),(123,246),(126,246),(127,246),(101,247),(105,247),(109,247),(113,247),(118,247),(121,247),(123,247),(124,247),(126,247),(128,247),(102,248),(106,248),(111,248),(114,248),(119,248),(122,248),(127,248),(102,249),(108,249),(113,249),(118,249),(123,249),(124,249),(101,250),(103,250),(106,250),(112,250),(118,250),(121,250),(124,250),(102,251),(105,251),(110,251),(112,251),(118,251),(120,251),(123,251),(126,251),(101,252),(106,252),(108,252),(112,252),(118,252),(123,252),(102,253),(108,253),(109,253),(111,253),(114,253),(117,253),(120,253),(121,253),(126,253),(102,254),(103,254),(109,254),(112,254),(117,254),(123,254),(126,254),(127,254),(101,255),(106,255),(108,255),(114,255),(119,255),(122,255),(126,255),(101,256),(106,256),(110,256),(116,256),(117,256),(121,256),(123,256),(127,256),(102,257),(105,257),(108,257),(114,257),(118,257),(123,257),(127,257),(128,257),(101,258),(104,258),(105,258),(106,258),(112,258),(117,258),(121,258),(125,258),(128,258),(101,259),(107,259),(108,259),(113,259),(114,259),(119,259),(122,259),(123,259),(128,259),(101,260),(103,260),(107,260),(112,260),(116,260),(122,260),(126,260),(101,261),(105,261),(110,261),(112,261),(118,261),(121,261),(124,261),(125,261),(126,261),(128,261),(101,262),(102,262),(108,262),(111,262),(117,262),(122,262),(127,262),(102,263),(103,263),(105,263),(108,263),(111,263),(116,263),(119,263),(123,263),(102,264),(106,264),(108,264),(112,264),(114,264),(115,264),(116,264),(117,264),(120,264),(125,264),(128,264),(102,265),(104,265),(109,265),(111,265),(115,265),(120,265),(124,265),(102,266),(108,266),(111,266),(116,266),(118,266),(120,266),(125,266),(101,267),(104,267),(110,267),(112,267),(118,267),(121,267),(123,267),(128,267),(101,268),(104,268),(113,268),(125,268),(126,268),(102,269),(108,269),(112,269),(116,269),(122,269),(126,269),(102,270),(107,270),(110,270),(112,270),(113,270),(115,270),(119,270),(123,270),(126,270),(128,270),(102,271),(105,271),(107,271),(113,271),(114,271),(119,271),(120,271),(122,271),(124,271),(125,271),(126,271),(102,272),(107,272),(108,272),(110,272),(115,272),(116,272),(118,272),(120,272),(123,272),(126,272),(101,273),(105,273),(110,273),(111,273),(117,273),(119,273),(122,273),(126,273),(102,274),(108,274),(110,274),(116,274),(117,274),(119,274),(125,274),(127,274),(101,275),(103,275),(109,275),(113,275),(116,275),(117,275),(119,275),(125,275),(101,276),(102,276),(105,276),(109,276),(112,276),(116,276),(122,276),(125,276),(128,276),(101,277),(102,277),(106,277),(109,277),(114,277),(115,277),(119,277),(124,277),(125,277),(125,278),(127,278),(128,278),(101,279),(102,279),(106,279),(108,279),(114,279),(119,279),(121,279),(123,279),(127,279),(101,280),(103,280),(104,280),(106,280),(107,280),(108,280),(110,280),(111,280),(125,280),(126,280),(128,280),(102,281),(104,281),(109,281),(114,281),(120,281),(121,281),(125,281),(102,282),(106,282),(112,282),(116,282),(117,282),(123,282),(124,282),(128,282),(101,283),(104,283),(108,283),(113,283),(118,283),(119,283),(124,283),(127,283),(101,284),(107,284),(109,284),(114,284),(115,284),(116,284),(122,284),(124,284),(102,285),(105,285),(108,285),(114,285),(115,285),(116,285),(122,285),(125,285),(126,285),(101,286),(106,286),(110,286),(111,286),(112,286),(116,286),(121,286),(125,286),(126,286),(101,287),(102,287),(113,287),(125,287),(126,287),(128,287),(102,288),(108,288),(111,288),(114,288),(118,288),(122,288),(123,288),(127,288),(128,288),(101,289),(103,289),(108,289),(114,289),(118,289),(124,289),(102,290),(105,290),(109,290),(113,290),(119,290),(120,290),(125,290),(128,290),(101,291),(106,291),(111,291),(115,291),(117,291),(123,291),(128,291),(102,292),(106,292),(109,292),(111,292),(114,292),(119,292),(120,292),(121,292),(127,292),(128,292),(102,293),(103,293),(109,293),(115,293),(121,293),(126,293),(128,293),(101,294),(107,294),(113,294),(119,294),(125,294),(102,295),(105,295),(111,295),(116,295),(120,295),(121,295),(122,295),(127,295),(101,296),(103,296),(108,296),(110,296),(116,296),(119,296),(122,296),(128,296),(101,297),(107,297),(112,297),(116,297),(120,297),(121,297),(122,297),(127,297),(101,298),(102,298),(106,298),(108,298),(101,299),(105,299),(106,299),(110,299),(116,299),(117,299),(119,299),(124,299),(128,299),(102,300),(104,300),(108,300),(110,300),(112,300),(118,300),(123,300),(101,301),(104,301),(108,301),(112,301),(118,301),(119,301),(124,301),(128,301),(102,302),(108,302),(109,302),(111,302),(114,302),(116,302),(120,302),(125,302),(102,303),(104,303),(110,303),(112,303),(117,303),(123,303),(127,303),(102,304),(103,304),(106,304),(107,304),(112,304),(115,304),(120,304),(124,304),(125,304),(126,304),(101,305),(103,305),(106,305),(108,305),(112,305),(115,305),(120,305),(126,305),(128,305),(101,306),(107,306),(112,306),(114,306),(118,306),(122,306),(125,306),(102,307),(108,307),(111,307),(114,307),(115,307),(118,307),(120,307),(122,307),(124,307),(101,308),(106,308),(107,308),(108,308),(111,308),(115,308),(121,308),(127,308),(128,308),(102,309),(105,309),(111,309),(114,309),(115,309),(121,309),(126,309),(101,310),(102,310),(107,310),(110,310),(116,310),(120,310),(124,310),(127,310),(102,311),(108,311),(112,311),(116,311),(121,311),(124,311),(127,311),(102,312),(105,312),(106,312),(111,312),(112,312),(118,312),(122,312),(128,312),(101,313),(106,313),(110,313),(116,313),(122,313),(124,313),(102,314),(107,314),(112,314),(118,314),(120,314),(121,314),(127,314),(101,315),(103,315),(106,315),(112,315),(116,315),(118,315),(119,315),(120,315),(125,315),(128,315),(102,316),(106,316),(110,316),(112,316),(114,316),(120,316),(125,316),(101,317),(103,317),(109,317),(112,317),(114,317),(117,317),(120,317),(124,317),(127,317),(101,318),(104,318),(109,318),(115,318),(116,318),(122,318),(123,318),(124,318),(125,318),(102,319),(107,319),(108,319),(111,319),(113,319),(117,319),(122,319),(124,319),(102,320),(108,320),(111,320),(112,320),(115,320),(120,320),(123,320),(101,321),(107,321),(113,321),(115,321),(118,321),(121,321),(127,321),(128,321),(101,322),(105,322),(107,322),(112,322),(118,322),(122,322),(127,322),(101,323),(102,323),(106,323),(110,323),(113,323),(116,323),(120,323),(124,323),(101,324),(105,324),(107,324),(111,324),(112,324),(117,324),(122,324),(123,324),(126,324),(127,324),(101,325),(102,325),(106,325),(108,325),(111,325),(115,325),(119,325),(124,325),(125,325),(126,325),(102,326),(106,326),(108,326),(113,326),(119,326),(123,326),(127,326),(102,327),(103,327),(106,327),(109,327),(110,327),(111,327),(112,327),(113,327),(114,327),(118,327),(123,327),(102,328),(108,328),(113,328),(114,328),(115,328),(116,328),(120,328),(124,328),(101,329),(107,329),(112,329),(116,329),(121,329),(127,329),(101,330),(105,330),(111,330),(113,330),(114,330),(120,330),(124,330),(102,331),(103,331),(107,331),(109,331),(115,331),(121,331),(127,331),(102,332),(108,332),(110,332),(116,332),(118,332),(123,332),(124,332),(102,333),(106,333),(111,333),(112,333),(118,333),(122,333),(123,333),(127,333),(102,334),(103,334),(104,334),(105,334),(106,334),(108,334),(111,334),(116,334),(120,334),(126,334),(102,335),(106,335),(110,335),(112,335),(115,335),(119,335),(121,335),(125,335),(101,336),(102,336),(103,336),(125,336),(126,336),(102,337),(105,337),(107,337),(112,337),(118,337),(123,337),(101,338),(102,338),(103,338),(105,338),(107,338),(108,338),(113,338),(117,338),(120,338),(123,338),(128,338),(101,339),(104,339),(108,339),(111,339),(115,339),(119,339),(120,339),(126,339),(101,340),(103,340),(105,340),(111,340),(116,340),(118,340),(121,340),(126,340),(101,341),(106,341),(108,341),(118,341),(125,341),(101,342),(103,342),(109,342),(110,342),(114,342),(120,342),(124,342),(127,342),(102,343),(106,343),(111,343),(117,343),(121,343),(127,343),(101,344),(102,344),(104,344),(109,344),(112,344),(114,344),(118,344),(123,344),(101,345),(102,345),(107,345),(108,345),(111,345),(117,345),(121,345),(126,345),(128,345),(107,346),(108,346),(110,346),(111,346),(101,347),(107,347),(109,347),(113,347),(115,347),(116,347),(117,347),(123,347),(126,347),(128,347),(101,348),(104,348),(110,348),(115,348),(120,348),(123,348),(125,348),(102,349),(106,349),(109,349),(112,349),(116,349),(120,349),(121,349),(126,349),(102,350),(103,350),(108,350),(112,350),(114,350),(117,350),(120,350),(126,350),(128,350),(101,351),(103,351),(109,351),(110,351),(112,351),(114,351),(115,351),(121,351),(125,351),(126,351),(102,352),(107,352),(113,352),(119,352),(125,352),(101,353),(107,353),(108,353),(113,353),(115,353),(118,353),(120,353),(121,353),(126,353),(101,354),(106,354),(112,354),(117,354),(122,354),(127,354),(102,355),(106,355),(107,355),(112,355),(115,355),(119,355),(120,355),(122,355),(126,355),(101,356),(107,356),(111,356),(113,356),(119,356),(122,356),(126,356),(102,357),(107,357),(111,357),(115,357),(117,357),(119,357),(122,357),(124,357),(101,358),(102,358),(107,358),(109,358),(113,358),(117,358),(120,358),(123,358),(102,359),(104,359),(105,359),(111,359),(117,359),(120,359),(121,359),(122,359),(124,359),(101,360),(103,360),(107,360),(111,360),(114,360),(120,360),(121,360),(123,360),(126,360),(102,361),(106,361),(107,361),(109,361),(113,361),(116,361),(118,361),(124,361),(102,362),(107,362),(112,362),(116,362),(118,362),(122,362),(123,362),(126,362),(128,362),(102,363),(104,363),(109,363),(112,363),(115,363),(120,363),(125,363),(128,363),(101,364),(107,364),(108,364),(111,364),(117,364),(120,364),(121,364),(122,364),(126,364),(102,365),(108,365),(110,365),(111,365),(112,365),(113,365),(114,365),(118,365),(120,365),(123,365),(127,365),(101,366),(107,366),(109,366),(115,366),(118,366),(123,366),(128,366),(101,367),(102,367),(104,367),(110,367),(111,367),(116,367),(121,367),(122,367),(125,367),(101,368),(102,368),(107,368),(109,368),(111,368),(114,368),(117,368),(118,368),(123,368),(128,368),(101,369),(107,369),(111,369),(112,369),(118,369),(120,369),(123,369),(127,369),(101,370),(103,370),(104,370),(106,370),(107,370),(110,370),(113,370),(116,370),(117,370),(118,370),(119,370),(120,370),(121,370),(123,370),(126,370),(101,371),(107,371),(111,371),(116,371),(121,371),(122,371),(128,371),(101,372),(105,372),(107,372),(108,372),(109,372),(111,372),(114,372),(120,372),(124,372),(125,372),(101,373),(106,373),(111,373),(113,373),(114,373),(116,373),(120,373),(121,373),(124,373),(102,374),(107,374),(111,374),(114,374),(119,374),(120,374),(121,374),(123,374),(125,374),(126,374),(102,375),(107,375),(108,375),(112,375),(113,375),(117,375),(121,375),(125,375),(102,376),(108,376),(109,376),(115,376),(118,376),(124,376),(102,377),(106,377),(110,377),(114,377),(119,377),(124,377),(101,378),(105,378),(106,378),(108,378),(113,378),(117,378),(121,378),(126,378),(102,379),(108,379),(110,379),(113,379),(114,379),(116,379),(122,379),(126,379),(102,380),(103,380),(106,380),(108,380),(113,380),(119,380),(120,380),(121,380),(126,380),(102,381),(104,381),(109,381),(111,381),(116,381),(122,381),(125,381),(128,381),(102,382),(103,382),(105,382),(106,382),(112,382),(115,382),(116,382),(119,382),(123,382),(124,382),(128,382),(101,383),(102,383),(107,383),(112,383),(116,383),(120,383),(121,383),(124,383),(127,383),(101,384),(102,384),(107,384),(109,384),(115,384),(116,384),(119,384),(123,384),(102,385),(103,385),(107,385),(113,385),(116,385),(122,385),(123,385),(128,385),(101,386),(107,386),(108,386),(110,386),(115,386),(117,386),(119,386),(120,386),(126,386),(101,387),(105,387),(106,387),(108,387),(113,387),(119,387),(123,387),(126,387),(101,388),(104,388),(105,388),(110,388),(111,388),(112,388),(113,388),(118,388),(124,388),(126,388),(127,388),(128,388),(101,389),(107,389),(111,389),(113,389),(115,389),(121,389),(127,389),(101,390),(106,390),(111,390),(115,390),(119,390),(123,390),(127,390),(102,391),(106,391),(109,391),(110,391),(114,391),(117,391),(119,391),(120,391),(126,391),(101,392),(107,392),(109,392),(112,392),(114,392),(116,392),(120,392),(126,392),(101,393),(105,393),(108,393),(110,393),(113,393),(118,393),(119,393),(125,393),(128,393),(102,394),(103,394),(105,394),(107,394),(108,394),(110,394),(116,394),(121,394),(122,394),(124,394),(101,395),(107,395),(113,395),(119,395),(122,395),(126,395),(101,396),(102,396),(108,396),(112,396),(113,396),(116,396),(117,396),(120,396),(123,396),(101,397),(107,397),(110,397),(115,397),(117,397),(122,397),(126,397),(128,397),(102,398),(106,398),(112,398),(118,398),(119,398),(122,398),(128,398),(102,399),(103,399),(108,399),(111,399),(115,399),(121,399),(122,399),(127,399),(101,400),(103,400),(106,400),(109,400),(112,400),(118,400),(122,400),(127,400);
/*!40000 ALTER TABLE `skill` ENABLE KEYS */;
UNLOCK TABLES;

--
-- Table structure for table `std_class`
--

DROP TABLE IF EXISTS `std_class`;
/*!40101 SET @saved_cs_client     = @@character_set_client */;
/*!50503 SET character_set_client = utf8mb4 */;
CREATE TABLE `std_class` (
  `id` bigint NOT NULL AUTO_INCREMENT,
  `name` int NOT NULL,
  `project_code` int NOT NULL,
  `region_code` int NOT NULL,
  `stage_code` int NOT NULL,
  PRIMARY KEY (`id`)
) ENGINE=InnoDB AUTO_INCREMENT=22 DEFAULT CHARSET=utf8mb4 COLLATE=utf8mb4_0900_ai_ci;
/*!40101 SET character_set_client = @saved_cs_client */;

--
-- Dumping data for table `std_class`
--

LOCK TABLES `std_class` WRITE;
/*!40000 ALTER TABLE `std_class` DISABLE KEYS */;
INSERT INTO `std_class` VALUES (1,1,101,104,105),(2,2,101,104,105),(3,3,101,104,105),(4,4,101,104,105),(5,5,101,104,105),(7,2,102,104,105),(8,3,102,104,105),(9,4,102,104,105),(10,5,102,104,105),(12,1,103,104,105),(13,1,101,105,105),(14,6,101,104,105),(15,1,101,101,105),(16,1,101,102,105),(19,1,101,104,106),(20,2,101,104,106),(21,1,101,103,105);
/*!40000 ALTER TABLE `std_class` ENABLE KEYS */;
UNLOCK TABLES;

--
-- Table structure for table `team`
--

DROP TABLE IF EXISTS `team`;
/*!40101 SET @saved_cs_client     = @@character_set_client */;
/*!50503 SET character_set_client = utf8mb4 */;
CREATE TABLE `team` (
  `id` bigint NOT NULL AUTO_INCREMENT,
  `complete_yn` smallint NOT NULL,
  `max_member` int NOT NULL,
  `name` varchar(45) DEFAULT NULL,
  `mapping_id` bigint DEFAULT NULL,
  `leader_id` bigint DEFAULT NULL,
  `introduce` varchar(1000) DEFAULT NULL,
  `now_member` int NOT NULL,
  PRIMARY KEY (`id`),
  KEY `FKpl6l15plwclp8olt2x2yq97bm` (`mapping_id`),
  KEY `FKbxs8rhdluvnucyymbjowulrl6` (`leader_id`),
  CONSTRAINT `FKbxs8rhdluvnucyymbjowulrl6` FOREIGN KEY (`leader_id`) REFERENCES `user` (`id`),
  CONSTRAINT `FKpl6l15plwclp8olt2x2yq97bm` FOREIGN KEY (`mapping_id`) REFERENCES `mapping` (`id`)
) ENGINE=InnoDB AUTO_INCREMENT=246 DEFAULT CHARSET=utf8mb4 COLLATE=utf8mb4_0900_ai_ci;
/*!40101 SET character_set_client = @saved_cs_client */;

--
-- Dumping data for table `team`
--

LOCK TABLES `team` WRITE;
/*!40000 ALTER TABLE `team` DISABLE KEYS */;
INSERT INTO `team` VALUES (46,0,5,'강승현없는강승현팀',1,23,'안녕하세요:blush: 이번 특화 PJT에서 빅데이터#2 를 함께 하실 팀원 분을 구하고 있습니다\n\n저희 팀은 비전공4명으로 구성되어있고 프론트엔드와 백엔드를 같이 공부하면서 PJT를 진행하려고 합니다\n\n팀 소개로는 데이터에 대해 얉게? 공부한 경험들이 있고 공모전 경험등이 있습니다!!ㅎ\n\n저희가 원하는 팀원 분은 아래와 같습니다\n\n프론트엔드 개발 & 백엔드도 같이 배우면서 성장하고 싶은 분\n편안한 분위기에서 같이 협업하면서 커뮤니케이션 하는 걸 선호하는 분\n관심이 생기신 분들은 편하게 MM 주시면 감사하겠습니다 ❤',2),(49,0,5,'SNS ',2,27,'웹 디자인 팀입니다.',4),(50,0,5,'IoT',3,28,'웹 IoT 팀입니다.',4),(52,0,5,'instagram',2,31,'인스타그램 만드실 분',3),(53,0,5,'kiosk',3,41,'키오스크 만드실 분',2),(54,0,5,'webex',1,33,'웨벡스 만드실분',3),(55,0,5,'twitter',2,43,'트위터 만드실분',2),(56,0,5,'컨설턴트님이 하드캐리하는 팀',2,67,'ㅁㄴㅇㄻㄴㅇㄹㄴㅁㅇㄹ',2),(59,1,5,'사물 인터넷',5,25,'사물 인터넷',0),(60,1,5,'블록체인',4,26,'블록체인',0),(63,1,5,'IoT',5,45,'워라밸 9 to 6 얼마나 중요합니까!!!\n✨놀 땐 놀고! 🔥할 땐 하고!!',5),(64,0,5,'빅마마',4,42,'빅데이터 팀을 찾고있는 당신! 👋\n잠깐 여기좀 봐봐요! 당신을 위한 팀이 여기있어요! \n\nDM 주시면 바로바로 답장해드리겠습니다.\n',2),(70,0,5,'미스장의 팀',29,92,'안녕하세요! 웹 디자인 하실 분 얼마든지 DM 주세요',2),(71,0,5,'블록체인 이순신',31,83,'블록체인 어렵지 않습니다 여러분. 당신도 할 수 있어요~!',1),(72,1,5,'서지윤팀',1,101,'안녕하세요 웹기술 하실 분들 모집합니다!',5),(73,1,5,'최시호팀',2,102,'안녕하세요! 웹 디자인 하실 분들 구합니다~',5),(74,1,5,'임지현팀',1,103,'안녕하세요 웹기술 하실 분들 모집합니다!',5),(75,1,5,'전태린팀',2,104,'안녕하세요! 웹 디자인 하실 분들 구합니다~',5),(76,1,5,'강한나팀',3,105,'안녕하세요? 웹 IoT 하실 분들 구해요!',5),(77,1,5,'홍지효팀',1,106,'안녕하세요 웹기술 하실 분들 모집합니다!',5),(78,1,5,'홍세영팀',2,107,'안녕하세요! 웹 디자인 하실 분들 구합니다~',5),(79,1,5,'정채아팀',1,108,'안녕하세요 웹기술 하실 분들 모집합니다!',5),(80,1,5,'강혜린팀',2,109,'안녕하세요! 웹 디자인 하실 분들 구합니다~',5),(81,1,5,'오윤후팀',3,110,'안녕하세요? 웹 IoT 하실 분들 구해요!',5),(82,1,5,'이아라팀',1,111,'안녕하세요 웹기술 하실 분들 모집합니다!',5),(83,1,5,'윤대현팀',2,112,'안녕하세요! 웹 디자인 하실 분들 구합니다~',5),(84,1,5,'장서진팀',1,113,'안녕하세요 웹기술 하실 분들 모집합니다!',5),(85,1,5,'윤태준팀',2,114,'안녕하세요! 웹 디자인 하실 분들 구합니다~',5),(86,1,5,'권지수팀',3,115,'안녕하세요? 웹 IoT 하실 분들 구해요!',5),(87,1,5,'강해솔팀',1,116,'안녕하세요 웹기술 하실 분들 모집합니다!',5),(88,1,5,'전유은팀',2,117,'안녕하세요! 웹 디자인 하실 분들 구합니다~',5),(89,1,5,'박유정팀',1,118,'안녕하세요 웹기술 하실 분들 모집합니다!',5),(90,1,5,'송은지팀',2,119,'안녕하세요! 웹 디자인 하실 분들 구합니다~',5),(91,1,5,'박하린팀',3,120,'안녕하세요? 웹 IoT 하실 분들 구해요!',5),(92,1,5,'황혜성팀',1,121,'안녕하세요 웹기술 하실 분들 모집합니다!',5),(93,1,5,'정시훈팀',2,122,'안녕하세요! 웹 디자인 하실 분들 구합니다~',5),(94,1,5,'권연아팀',1,123,'안녕하세요 웹기술 하실 분들 모집합니다!',5),(95,1,5,'한태연팀',2,124,'안녕하세요! 웹 디자인 하실 분들 구합니다~',5),(96,1,5,'이은수팀',3,125,'안녕하세요? 웹 IoT 하실 분들 구해요!',5),(97,1,5,'홍우영팀',1,126,'안녕하세요 웹기술 하실 분들 모집합니다!',5),(98,1,5,'윤주은팀',2,127,'안녕하세요! 웹 디자인 하실 분들 구합니다~',5),(99,1,5,'최채빈팀',1,128,'안녕하세요 웹기술 하실 분들 모집합니다!',5),(100,1,5,'김주완팀',2,129,'안녕하세요! 웹 디자인 하실 분들 구합니다~',5),(101,1,5,'안채윤팀',3,130,'안녕하세요? 웹 IoT 하실 분들 구해요!',5),(102,1,5,'정유은팀',1,131,'안녕하세요 웹기술 하실 분들 모집합니다!',5),(103,1,5,'윤태율팀',2,132,'안녕하세요! 웹 디자인 하실 분들 구합니다~',5),(104,1,5,'황주아팀',1,133,'안녕하세요 웹기술 하실 분들 모집합니다!',5),(105,1,5,'장세준팀',2,134,'안녕하세요! 웹 디자인 하실 분들 구합니다~',5),(106,1,5,'김유안팀',3,135,'안녕하세요? 웹 IoT 하실 분들 구해요!',5),(107,1,5,'안동욱팀',1,136,'안녕하세요 웹기술 하실 분들 모집합니다!',5),(108,1,5,'윤성빈팀',2,137,'안녕하세요! 웹 디자인 하실 분들 구합니다~',5),(109,1,5,'김은재팀',1,138,'안녕하세요 웹기술 하실 분들 모집합니다!',5),(110,1,5,'송유라팀',2,139,'안녕하세요! 웹 디자인 하실 분들 구합니다~',5),(111,1,5,'전세아팀',3,140,'안녕하세요? 웹 IoT 하실 분들 구해요!',5),(112,1,5,'한선율팀',1,301,'안녕하세요 웹기술 하실 분들 모집합니다!',5),(113,1,5,'김재훈팀',2,302,'안녕하세요! 웹 디자인 하실 분들 구합니다~',5),(114,1,5,'하주완팀',1,303,'안녕하세요 웹기술 하실 분들 모집합니다!',5),(115,1,5,'전아연팀',2,304,'안녕하세요! 웹 디자인 하실 분들 구합니다~',5),(116,1,5,'권연서팀',3,305,'안녕하세요? 웹 IoT 하실 분들 구해요!',5),(117,1,5,'황다희팀',1,306,'안녕하세요 웹기술 하실 분들 모집합니다!',5),(118,1,5,'송원준팀',2,331,'안녕하세요! 웹 디자인 하실 분들 구합니다~',5),(119,1,5,'김주현팀',1,332,'안녕하세요 웹기술 하실 분들 모집합니다!',5),(120,1,5,'박지인팀',2,333,'안녕하세요! 웹 디자인 하실 분들 구합니다~',5),(121,1,5,'박봄팀',3,334,'안녕하세요? 웹 IoT 하실 분들 구해요!',5),(122,1,5,'임하준팀',1,335,'안녕하세요 웹기술 하실 분들 모집합니다!',5),(123,1,5,'강지연팀',2,336,'안녕하세요! 웹 디자인 하실 분들 구합니다~',5),(124,1,5,'홍준석팀',1,361,'안녕하세요 웹기술 하실 분들 모집합니다!',5),(125,1,5,'황재하팀',2,362,'안녕하세요! 웹 디자인 하실 분들 구합니다~',5),(126,1,5,'서정민팀',3,363,'안녕하세요? 웹 IoT 하실 분들 구해요!',5),(127,1,5,'이태영팀',1,364,'안녕하세요 웹기술 하실 분들 모집합니다!',5),(128,1,5,'장영준팀',2,365,'안녕하세요! 웹 디자인 하실 분들 구합니다~',5),(129,1,5,'이선율팀',1,366,'안녕하세요 웹기술 하실 분들 모집합니다!',5),(130,1,5,'오성민팀',2,367,'안녕하세요! 웹 디자인 하실 분들 구합니다~',5),(131,1,5,'윤소은팀',3,368,'안녕하세요? 웹 IoT 하실 분들 구해요!',5),(141,0,0,'임시 웹 기술 팀',1,56,'1인 팀으로 갑니다.',1),(144,0,0,'임시 맹창영 팀!',3,36,'IoT 조아~',1),(145,0,0,'인공능지',5,36,'이 맹창영과 같은 팀을 할 자 누구인가?!\n\n인공지능 함께 하시고 싶은 분은 연락 주세요!',1),(146,0,0,'빅뱅',4,46,'빅 데이터...\n그리고\n빅 뱅 ‼️ 💣\n',1),(149,1,5,'5기 필드 서지윤팀',38,101,'안녕하세요! 테슬라 무선사업부 하실 분들 모집합니다!',5),(150,1,5,'5기 필드 임지현팀',39,103,'안녕하세요! 애플 리서치 하실 분들 모집합니다!',5),(151,1,5,'5기 필드 전태린팀',40,104,'안녕하세요! 아마존 페이 하실 분들 모집합니다!',5),(152,0,5,'5기 필드 홍세영팀',38,107,'안녕하세요! 테슬라 무선사업부 하실 분들 모집합니다!',3),(153,0,5,'5기 필드 안하진팀',38,320,'안녕하세요! 테슬라 무선사업부 하실 분들 모집합니다!',3),(154,0,5,'5기 필드 오윤후팀',39,110,'안녕하세요! 애플 리서치 하실 분들 모집합니다!',4),(155,0,5,'5기 필드 윤대현팀',40,112,'안녕하세요! 아마존 페이 하실 분들 모집합니다!',4),(156,0,5,'5기 필드 권지수팀',40,115,'안녕하세요! 아마존 페이 하실 분들 모집합니다!',4),(157,0,5,'5기 필드 권준성팀',40,349,'안녕하세요! 아마존 페이 하실 분들 모집합니다!',4),(158,0,5,'5기 필드 송은지팀',39,119,'안녕하세요! 애플 리서치 하실 분들 모집합니다!',3),(194,1,5,'황혜성팀',4,121,'빅데이터 가즈아~',5),(195,1,5,'한태연팀',5,124,'인공지능 하실분 괌',5),(196,1,5,'윤주은팀',6,127,'안녕하세요 블록체인 하실분들 구합니다.',5),(197,1,5,'안채윤팀',7,130,'IoT 하실분 구합니다',5),(198,1,5,'황주아팀',4,133,'안녕하세요! 빅데이터 하실분들을 구하고 있습니다.',5),(199,1,5,'안동욱팀',5,136,'인공지능 경험이 있는 팀장입니다 팀원 구합니다~',5),(200,1,5,'송유라팀',6,139,'안녕하세요 저 송유라에요 아시죠?',5),(201,1,5,'전승우팀',4,145,'빅데이터 하둡 경험 있습니다 저랑 같이 빅데이터 프젝 하실분들 구합니다.',5),(202,1,5,'김아진팀',5,148,'Tensor Flow 개고수입니다. 팀원구합니다 버스만 타세요 기사는 제가 할게요. 하드캐리 해드립니다.',5),(203,1,5,'윤채희팀',6,151,'블록체인 1도모르는 사람 드루오세요 ',5),(204,1,5,'홍태준팀',7,142,'공통프로젝트 웹 IoT 팀장이였습니다 IoT 하실분들 구합니다.',5),(205,1,5,'한선율팀',4,301,'추천 시스템 만드실 분들 구합니다.',5),(206,1,5,'전아연팀',5,304,'인공지능 하실분들 구합니다',5),(207,0,5,'권민석팀',6,307,'블록체인 하실분들 구합니다',4),(208,0,5,'홍단아팀',4,310,'안녕하세요! 빅데이터 관심있으신분들 많은 연락 부탁드립니다',4),(209,0,5,'안다은팀',5,312,'안녕하세요! 인공지능 하실분들? 우리팀으로 오세요!',4),(210,1,5,'송원준팀',4,331,'안녕하세요 빅데이터 구해요',5),(211,1,5,'박봄팀',5,334,'인공지능 하실 투애니원 구합니다!',5),(212,0,5,'송은혁팀',4,337,'빅데이터 추천 서비스 프젝 하실 분들 구합니다',3),(213,0,5,'윤정윤팀',6,339,'안녕하세요 풀스택 3명 있는 블록체인 팀입니다. 많은 관심 부탁드립니다.',3),(214,1,5,'홍준석팀',4,361,'빅데이터 해보실분들 구합니다!',5),(215,1,5,'이태영팀',5,364,'인공지능 석사 출신입니다. 팀원 구함',5),(216,1,5,'오성민팀',6,367,'블록체인 마스텁니다. 팀원 구합니다.',5),(217,0,5,'송은빈팀',4,370,'안녕하세요 버스기삽니다 타세요 차례대로',4),(218,0,5,'오서준팀',5,373,'인공지능 논문 게재 경험 있습니다. 팀원 구합니다.',3),(219,0,5,'최가을팀',4,375,'이제 여름이 가고 가을이 옵니다. 그래서 최가을이 왔습니다 팀원 구합니다.',3),(220,0,5,'오시호팀',4,154,'빅데이터 하실 분 오시호!',4),(221,0,5,'홍소영팀',5,157,'홍소영의 인공지능팀에 오실분 얼른 오세요',4),(222,0,5,'강강수월래',6,160,'블록체인, 이름 그대로 각각의 블록들이 연결 되어 있는거 느껴지시나요? \n그 모습이 마치 강강수월래 하는거 같지 않으신가요? \n🤝🤝🤝🤝강강~수월래~🤝🤝🤝🤝',4),(223,0,5,'권주아팀',7,163,'IoT 하실 분들 얼른 오세요',4),(224,0,5,'최해솔팀',4,166,'안녕하세요 빅데이터 프로젝트 할 예정입니다. 많이들 오세요',4),(225,0,5,'윤하람팀',5,169,'인공지능 하실 분들을 구합니다. 이번 프로젝트는 워라밸 챙겨아죠?',4),(226,0,5,'최준형팀',6,172,'워라밸 챙기실 분들 우리팀으로 오세요',4),(227,0,5,'홍태호팀',7,175,'공통 웹 IoT 연장해서 하실 분들 구함',4),(228,0,5,'박소현팀',4,178,'워라밸 추천 하실 분들 구함',4),(229,0,5,'서재우팀',5,181,'안녕하세요 인공지능 팀입니다.',4),(230,0,5,'조시안팀',6,184,'블록 체인 하실 분들 구합니다',4),(231,0,5,'안한나팀',7,187,'IoT 개고수입니다. 얼른오세요',4),(232,0,5,'홍지환팀',4,190,'빅데이터 교수입니다',4),(233,0,5,'장고은팀',5,193,'인공지능 하드캐리 해드립니다 많이 오세요',4),(234,0,5,'송동준팀',6,196,'블록체인 저도 모릅니다 같이 하실 분들 구합니다',4),(235,0,5,'서태민팀',4,199,'빅데이터 ㄱㄱㄱㄱㄱㄱㄱ',4),(236,0,5,'최형준팀',4,202,'Big Data 하실 분들 구합니다. 채팅 주세요',3),(237,0,5,'신현빈팀',5,204,'인공지능 채팅 기다릴게요',3),(238,0,5,'전수호팀',6,206,'블록체인 합니다. 얼른 연락 신청 해주세요',3),(239,0,5,'홍신우팀',4,208,'빅데이터 추천 서비스 같이 워라밸 지키면서 만들어가실 팀원 구합니다. ',3),(243,0,0,'애니미즘',7,27,'애니미즘 - 모든 사물에 영혼이 존재한다는 생각\n\nIoT 기반으로 사물에 영혼을 갈아넣는다는 각오로 임하는 팀입니다🔥💪💪\n\n저희와 함께 IoT로 특화의 끝을 달리고 싶으시다!🔥\n이번 기회에 수상을 해보고싶으시다!!🏆 하신 분들 여기로 모여모여~😀',4),(244,0,0,'이더러움',6,346,'이더리움 기반의 하이퍼레저 퍼블릭 dapp을 구현할 예정입니다.',2),(245,0,0,'은택 보유국',5,24,'..',2);
/*!40000 ALTER TABLE `team` ENABLE KEYS */;
UNLOCK TABLES;

--
-- Table structure for table `team_skill`
--

DROP TABLE IF EXISTS `team_skill`;
/*!40101 SET @saved_cs_client     = @@character_set_client */;
/*!50503 SET character_set_client = utf8mb4 */;
CREATE TABLE `team_skill` (
  `skill_code` int NOT NULL,
  `team_id` bigint NOT NULL,
  PRIMARY KEY (`skill_code`,`team_id`),
  KEY `FKgmhd7axk5ys20prse1ywyydw7` (`team_id`),
  CONSTRAINT `FKgmhd7axk5ys20prse1ywyydw7` FOREIGN KEY (`team_id`) REFERENCES `team` (`id`)
) ENGINE=InnoDB DEFAULT CHARSET=utf8mb4 COLLATE=utf8mb4_0900_ai_ci;
/*!40101 SET character_set_client = @saved_cs_client */;

--
-- Dumping data for table `team_skill`
--

LOCK TABLES `team_skill` WRITE;
/*!40000 ALTER TABLE `team_skill` DISABLE KEYS */;
INSERT INTO `team_skill` VALUES (101,46),(106,49),(107,49),(108,49),(109,49),(110,49),(111,49),(112,49),(113,49),(114,49),(115,49),(101,50),(103,50),(105,50),(107,50),(109,50),(111,50),(113,50),(101,52),(102,52),(103,52),(107,52),(108,52),(109,52),(113,52),(114,52),(115,52),(101,53),(102,53),(105,53),(106,53),(109,53),(110,53),(113,53),(114,53),(101,54),(104,54),(107,54),(110,54),(113,54),(116,54),(119,54),(122,54),(125,54),(127,54),(111,55),(112,55),(113,55),(114,55),(115,55),(116,55),(117,55),(118,55),(119,55),(120,55),(121,55),(122,55),(123,55),(124,55),(125,55),(126,55),(101,56),(101,59),(102,59),(105,59),(106,59),(109,59),(110,59),(113,59),(114,59),(117,59),(118,59),(121,59),(122,59),(125,59),(126,59),(103,60),(104,60),(107,60),(108,60),(111,60),(112,60),(115,60),(116,60),(119,60),(120,60),(123,60),(124,60),(127,60),(101,63),(102,63),(103,63),(107,63),(108,63),(109,63),(113,63),(114,63),(115,63),(119,63),(120,63),(121,63),(125,63),(126,63),(127,63),(106,64),(110,64),(111,64),(112,64),(118,64),(125,70),(126,70),(103,71),(107,71),(102,72),(103,72),(106,72),(109,72),(110,72),(113,72),(115,72),(117,72),(120,72),(121,72),(101,73),(102,73),(104,73),(106,73),(109,73),(111,73),(114,73),(116,73),(118,73),(119,73),(122,73),(102,74),(104,74),(107,74),(110,74),(111,74),(114,74),(115,74),(117,74),(120,74),(122,74),(123,74),(101,75),(104,75),(107,75),(108,75),(109,75),(110,75),(113,75),(116,75),(119,75),(122,75),(123,75),(102,76),(104,76),(106,76),(108,76),(111,76),(112,76),(115,76),(117,76),(119,76),(120,76),(122,76),(123,76),(101,77),(104,77),(107,77),(110,77),(112,77),(114,77),(115,77),(118,77),(120,77),(123,77),(102,78),(104,78),(106,78),(108,78),(109,78),(112,78),(113,78),(114,78),(116,78),(119,78),(120,78),(123,78),(101,79),(103,79),(106,79),(108,79),(109,79),(112,79),(114,79),(116,79),(119,79),(120,79),(121,79),(123,79),(102,80),(103,80),(106,80),(108,80),(109,80),(112,80),(115,80),(117,80),(119,80),(122,80),(102,81),(105,81),(108,81),(110,81),(112,81),(113,81),(115,81),(117,81),(119,81),(121,81),(123,81),(101,82),(103,82),(104,82),(106,82),(108,82),(109,82),(110,82),(111,82),(114,82),(117,82),(120,82),(122,82),(123,82),(101,83),(102,83),(105,83),(107,83),(109,83),(111,83),(113,83),(114,83),(115,83),(117,83),(119,83),(121,83),(123,83),(101,84),(103,84),(104,84),(106,84),(109,84),(110,84),(113,84),(115,84),(116,84),(117,84),(120,84),(121,84),(123,84),(102,85),(105,85),(106,85),(108,85),(109,85),(112,85),(114,85),(116,85),(118,85),(121,85),(122,85),(123,85),(101,86),(102,86),(105,86),(108,86),(111,86),(113,86),(116,86),(119,86),(122,86),(123,86),(102,87),(104,87),(107,87),(110,87),(112,87),(115,87),(117,87),(120,87),(123,87),(101,88),(104,88),(106,88),(107,88),(109,88),(111,88),(113,88),(116,88),(117,88),(120,88),(123,88),(101,89),(103,89),(105,89),(107,89),(108,89),(111,89),(112,89),(114,89),(116,89),(117,89),(118,89),(121,89),(122,89),(102,90),(105,90),(108,90),(109,90),(111,90),(114,90),(116,90),(118,90),(121,90),(101,91),(102,91),(103,91),(106,91),(107,91),(108,91),(111,91),(114,91),(117,91),(118,91),(119,91),(122,91),(123,91),(102,92),(103,92),(104,92),(105,92),(107,92),(110,92),(113,92),(115,92),(118,92),(121,92),(123,92),(102,93),(105,93),(106,93),(107,93),(108,93),(111,93),(114,93),(116,93),(118,93),(119,93),(120,93),(122,93),(102,94),(105,94),(107,94),(110,94),(112,94),(113,94),(114,94),(117,94),(120,94),(122,94),(102,95),(103,95),(106,95),(109,95),(111,95),(113,95),(115,95),(116,95),(117,95),(120,95),(121,95),(123,95),(102,96),(103,96),(106,96),(109,96),(110,96),(111,96),(112,96),(115,96),(118,96),(120,96),(121,96),(123,96),(101,97),(104,97),(106,97),(107,97),(110,97),(113,97),(116,97),(118,97),(121,97),(101,98),(103,98),(105,98),(107,98),(109,98),(112,98),(115,98),(117,98),(119,98),(122,98),(101,99),(104,99),(106,99),(109,99),(111,99),(112,99),(113,99),(114,99),(116,99),(119,99),(122,99),(123,99),(101,100),(104,100),(105,100),(108,100),(111,100),(114,100),(117,100),(119,100),(122,100),(123,100),(102,101),(103,101),(104,101),(105,101),(108,101),(111,101),(112,101),(114,101),(115,101),(117,101),(118,101),(120,101),(123,101),(102,102),(103,102),(105,102),(108,102),(111,102),(114,102),(116,102),(117,102),(118,102),(121,102),(123,102),(102,103),(105,103),(107,103),(108,103),(109,103),(111,103),(112,103),(113,103),(115,103),(117,103),(118,103),(120,103),(123,103),(101,104),(104,104),(106,104),(108,104),(111,104),(112,104),(114,104),(115,104),(117,104),(118,104),(119,104),(122,104),(102,105),(105,105),(108,105),(111,105),(114,105),(117,105),(118,105),(121,105),(123,105),(101,106),(104,106),(105,106),(108,106),(110,106),(111,106),(113,106),(116,106),(118,106),(120,106),(123,106),(102,107),(104,107),(106,107),(108,107),(110,107),(111,107),(112,107),(115,107),(117,107),(118,107),(121,107),(122,107),(102,108),(104,108),(106,108),(107,108),(108,108),(111,108),(112,108),(113,108),(114,108),(117,108),(118,108),(119,108),(121,108),(122,108),(123,108),(102,109),(103,109),(104,109),(106,109),(108,109),(110,109),(111,109),(113,109),(115,109),(117,109),(118,109),(120,109),(122,109),(101,110),(102,110),(103,110),(106,110),(107,110),(108,110),(109,110),(111,110),(113,110),(116,110),(117,110),(119,110),(122,110),(102,111),(105,111),(106,111),(108,111),(111,111),(113,111),(116,111),(117,111),(120,111),(123,111),(102,112),(103,112),(106,112),(107,112),(108,112),(110,112),(111,112),(112,112),(113,112),(115,112),(117,112),(119,112),(122,112),(101,113),(102,113),(105,113),(106,113),(107,113),(109,113),(111,113),(114,113),(115,113),(118,113),(119,113),(121,113),(123,113),(101,114),(102,114),(105,114),(108,114),(109,114),(111,114),(114,114),(115,114),(118,114),(119,114),(121,114),(123,114),(101,115),(102,115),(103,115),(105,115),(107,115),(108,115),(111,115),(112,115),(113,115),(116,115),(118,115),(119,115),(121,115),(102,116),(104,116),(105,116),(108,116),(110,116),(112,116),(115,116),(116,116),(117,116),(118,116),(120,116),(122,116),(123,116),(101,117),(104,117),(105,117),(108,117),(111,117),(112,117),(114,117),(116,117),(117,117),(120,117),(121,117),(122,117),(102,118),(104,118),(105,118),(108,118),(109,118),(111,118),(114,118),(117,118),(118,118),(120,118),(122,118),(123,118),(102,119),(105,119),(106,119),(108,119),(110,119),(113,119),(116,119),(119,119),(120,119),(121,119),(102,120),(104,120),(107,120),(108,120),(110,120),(112,120),(115,120),(116,120),(117,120),(118,120),(120,120),(122,120),(101,121),(104,121),(107,121),(109,121),(110,121),(113,121),(114,121),(116,121),(118,121),(120,121),(123,121),(101,122),(104,122),(106,122),(108,122),(111,122),(114,122),(117,122),(118,122),(120,122),(123,122),(102,123),(104,123),(106,123),(107,123),(110,123),(111,123),(112,123),(115,123),(118,123),(121,123),(122,123),(102,124),(103,124),(106,124),(108,124),(111,124),(114,124),(115,124),(116,124),(119,124),(121,124),(123,124),(101,125),(104,125),(105,125),(107,125),(108,125),(109,125),(111,125),(114,125),(115,125),(116,125),(117,125),(118,125),(119,125),(122,125),(123,125),(102,126),(103,126),(104,126),(107,126),(108,126),(110,126),(113,126),(116,126),(118,126),(119,126),(121,126),(102,127),(103,127),(106,127),(107,127),(110,127),(113,127),(114,127),(116,127),(118,127),(120,127),(122,127),(102,128),(104,128),(107,128),(108,128),(111,128),(112,128),(115,128),(116,128),(118,128),(119,128),(120,128),(122,128),(102,129),(104,129),(107,129),(110,129),(113,129),(114,129),(117,129),(120,129),(122,129),(123,129),(101,130),(103,130),(104,130),(106,130),(109,130),(111,130),(112,130),(113,130),(116,130),(119,130),(121,130),(123,130),(102,131),(104,131),(106,131),(109,131),(110,131),(111,131),(114,131),(116,131),(119,131),(120,131),(123,131),(102,141),(102,144),(102,145),(107,145),(108,145),(110,145),(111,145),(118,145),(102,146),(101,194),(102,194),(103,194),(105,194),(108,194),(110,194),(112,194),(115,194),(117,194),(119,194),(120,194),(122,194),(124,194),(127,194),(128,194),(102,195),(103,195),(106,195),(109,195),(110,195),(113,195),(114,195),(117,195),(118,195),(121,195),(123,195),(125,195),(127,195),(128,195),(102,196),(105,196),(107,196),(109,196),(111,196),(114,196),(115,196),(117,196),(120,196),(123,196),(126,196),(127,196),(102,197),(105,197),(106,197),(109,197),(111,197),(114,197),(117,197),(120,197),(123,197),(124,197),(125,197),(127,197),(102,198),(104,198),(106,198),(107,198),(110,198),(112,198),(113,198),(115,198),(116,198),(117,198),(120,198),(122,198),(123,198),(125,198),(126,198),(101,199),(102,199),(105,199),(108,199),(109,199),(112,199),(114,199),(115,199),(116,199),(118,199),(119,199),(122,199),(123,199),(126,199),(128,199),(101,200),(104,200),(105,200),(107,200),(108,200),(110,200),(111,200),(112,200),(113,200),(116,200),(117,200),(119,200),(121,200),(123,200),(126,200),(127,200),(128,200),(101,201),(104,201),(106,201),(109,201),(112,201),(113,201),(115,201),(117,201),(118,201),(120,201),(123,201),(126,201),(128,201),(102,202),(103,202),(105,202),(108,202),(109,202),(110,202),(113,202),(114,202),(115,202),(118,202),(121,202),(123,202),(125,202),(126,202),(128,202),(101,203),(103,203),(104,203),(105,203),(107,203),(109,203),(110,203),(112,203),(114,203),(117,203),(118,203),(121,203),(122,203),(125,203),(128,203),(101,204),(102,204),(104,204),(106,204),(108,204),(111,204),(112,204),(114,204),(115,204),(116,204),(119,204),(122,204),(125,204),(126,204),(127,204),(102,205),(105,205),(107,205),(108,205),(109,205),(110,205),(113,205),(114,205),(116,205),(119,205),(122,205),(125,205),(126,205),(101,206),(102,206),(104,206),(107,206),(110,206),(113,206),(115,206),(116,206),(118,206),(121,206),(124,206),(126,206),(128,206),(102,207),(103,207),(106,207),(108,207),(109,207),(111,207),(112,207),(113,207),(115,207),(117,207),(118,207),(119,207),(121,207),(122,207),(125,207),(128,207),(101,208),(104,208),(105,208),(106,208),(109,208),(111,208),(114,208),(117,208),(120,208),(121,208),(122,208),(124,208),(125,208),(126,208),(128,208),(101,209),(102,209),(104,209),(106,209),(107,209),(109,209),(111,209),(113,209),(114,209),(116,209),(118,209),(121,209),(124,209),(125,209),(126,209),(127,209),(128,209),(101,210),(104,210),(105,210),(106,210),(109,210),(111,210),(113,210),(115,210),(116,210),(119,210),(122,210),(124,210),(126,210),(127,210),(128,210),(102,211),(105,211),(107,211),(108,211),(110,211),(112,211),(113,211),(115,211),(118,211),(119,211),(121,211),(122,211),(124,211),(125,211),(128,211),(101,212),(104,212),(105,212),(107,212),(109,212),(111,212),(114,212),(115,212),(116,212),(119,212),(121,212),(122,212),(124,212),(125,212),(126,212),(102,213),(105,213),(108,213),(109,213),(111,213),(113,213),(115,213),(118,213),(120,213),(121,213),(124,213),(126,213),(127,213),(102,214),(105,214),(106,214),(109,214),(110,214),(111,214),(114,214),(117,214),(119,214),(121,214),(123,214),(126,214),(127,214),(101,215),(102,215),(105,215),(107,215),(109,215),(110,215),(111,215),(112,215),(115,215),(117,215),(119,215),(120,215),(122,215),(124,215),(127,215),(101,216),(104,216),(107,216),(108,216),(110,216),(112,216),(114,216),(115,216),(116,216),(118,216),(121,216),(122,216),(123,216),(126,216),(128,216),(102,217),(103,217),(104,217),(107,217),(109,217),(110,217),(113,217),(116,217),(119,217),(122,217),(124,217),(127,217),(102,218),(105,218),(108,218),(111,218),(113,218),(116,218),(119,218),(120,218),(123,218),(125,218),(128,218),(102,219),(104,219),(105,219),(106,219),(108,219),(111,219),(112,219),(115,219),(118,219),(121,219),(124,219),(127,219),(102,220),(105,220),(108,220),(111,220),(112,220),(115,220),(116,220),(118,220),(120,220),(122,220),(123,220),(126,220),(127,220),(102,221),(104,221),(107,221),(108,221),(109,221),(110,221),(113,221),(116,221),(119,221),(120,221),(121,221),(123,221),(124,221),(125,221),(127,221),(102,222),(121,222),(102,223),(105,223),(108,223),(110,223),(113,223),(114,223),(115,223),(116,223),(117,223),(120,223),(122,223),(124,223),(125,223),(126,223),(101,224),(103,224),(105,224),(108,224),(111,224),(112,224),(113,224),(114,224),(116,224),(119,224),(121,224),(124,224),(127,224),(101,225),(102,225),(104,225),(105,225),(107,225),(109,225),(112,225),(113,225),(114,225),(116,225),(117,225),(118,225),(120,225),(123,225),(125,225),(126,225),(127,225),(128,225),(102,226),(104,226),(107,226),(110,226),(111,226),(113,226),(114,226),(115,226),(116,226),(117,226),(120,226),(122,226),(125,226),(127,226),(128,226),(101,227),(102,227),(103,227),(106,227),(107,227),(108,227),(111,227),(114,227),(116,227),(117,227),(119,227),(120,227),(121,227),(122,227),(125,227),(126,227),(127,227),(102,228),(103,228),(105,228),(108,228),(111,228),(112,228),(115,228),(117,228),(118,228),(120,228),(122,228),(123,228),(125,228),(128,228),(101,229),(103,229),(104,229),(107,229),(108,229),(110,229),(112,229),(113,229),(114,229),(116,229),(118,229),(120,229),(123,229),(125,229),(126,229),(102,230),(103,230),(106,230),(107,230),(108,230),(109,230),(112,230),(114,230),(115,230),(118,230),(120,230),(121,230),(122,230),(125,230),(128,230),(101,231),(103,231),(104,231),(105,231),(107,231),(108,231),(110,231),(113,231),(115,231),(117,231),(120,231),(121,231),(123,231),(124,231),(126,231),(128,231),(101,232),(103,232),(106,232),(107,232),(110,232),(111,232),(113,232),(116,232),(117,232),(118,232),(120,232),(123,232),(125,232),(127,232),(128,232),(102,233),(104,233),(107,233),(109,233),(112,233),(113,233),(115,233),(116,233),(119,233),(122,233),(125,233),(127,233),(128,233),(101,234),(103,234),(105,234),(106,234),(109,234),(111,234),(112,234),(114,234),(115,234),(118,234),(119,234),(122,234),(123,234),(124,234),(125,234),(127,234),(128,234),(102,235),(104,235),(106,235),(107,235),(109,235),(112,235),(114,235),(115,235),(117,235),(119,235),(122,235),(124,235),(125,235),(127,235),(128,235),(101,236),(104,236),(106,236),(108,236),(109,236),(112,236),(115,236),(118,236),(120,236),(121,236),(123,236),(124,236),(125,236),(126,236),(127,236),(101,237),(102,237),(103,237),(105,237),(106,237),(109,237),(111,237),(113,237),(115,237),(116,237),(117,237),(118,237),(121,237),(124,237),(127,237),(102,238),(103,238),(104,238),(107,238),(108,238),(109,238),(112,238),(113,238),(114,238),(116,238),(117,238),(120,238),(123,238),(124,238),(125,238),(126,238),(127,238),(128,238),(101,239),(102,239),(103,239),(105,239),(106,239),(109,239),(110,239),(112,239),(114,239),(115,239),(118,239),(120,239),(121,239),(123,239),(124,239),(125,239),(126,239),(128,239),(101,243),(102,243),(107,243),(108,243),(126,243),(107,244),(125,244),(126,244),(102,245);
/*!40000 ALTER TABLE `team_skill` ENABLE KEYS */;
UNLOCK TABLES;

--
-- Table structure for table `user`
--

DROP TABLE IF EXISTS `user`;
/*!40101 SET @saved_cs_client     = @@character_set_client */;
/*!50503 SET character_set_client = utf8mb4 */;
CREATE TABLE `user` (
  `id` bigint NOT NULL AUTO_INCREMENT,
  `email` varchar(40) DEFAULT NULL,
  `introduce` varchar(1000) DEFAULT NULL,
  `name` varchar(20) DEFAULT NULL,
  `password` varchar(255) DEFAULT NULL,
  `profile_extension` varchar(255) DEFAULT NULL,
  `profile_origin_name` varchar(255) DEFAULT NULL,
  `profile_server_name` varchar(255) DEFAULT NULL,
  `refresh_token` varchar(255) DEFAULT NULL,
  `role` smallint NOT NULL,
  `student_number` varchar(7) DEFAULT NULL,
  `wish_position_code` int NOT NULL,
  `major` smallint NOT NULL,
  `temp_password` varchar(255) DEFAULT NULL,
  PRIMARY KEY (`id`)
) ENGINE=InnoDB AUTO_INCREMENT=403 DEFAULT CHARSET=utf8mb4 COLLATE=utf8mb4_0900_ai_ci;
/*!40101 SET character_set_client = @saved_cs_client */;

--
-- Dumping data for table `user`
--

LOCK TABLES `user` WRITE;
/*!40000 ALTER TABLE `user` DISABLE KEYS */;
INSERT INTO `user` VALUES (1,'test','안녕','관리자입니다','$2a$10$czAY2zq.mgdAtIWunqXwsOIJ07Okrk1bO/t/qzon2X5.Qn2y.SNGW','png','default','c21f969b5f03d33d43e04f8f136e7682','eyJhbGciOiJIUzUxMiJ9.eyJleHAiOjE2MzAwMzgxMDJ9.GsHYbvtTC7qSAoied5Fwh_MetJIjxrwSPdIEj0hlmM2Qqa6jOAp70zZi0g1-9PLZx0-l3mPinkCv-b__4dCe-A',4,'0540101',102,0,NULL),(2,'wkd6576@naver.com','10시14분 테스트','장동균','$2a$10$72rxMnhoZc.zxb31YmT2p.bEJyJpif46gzNViKvDwudAhcHCKOX3i','jpeg','0546419_profile','f88c385ccb118ca2837abc3b9c300035','eyJhbGciOiJIUzUxMiJ9.eyJleHAiOjE2Mjk0NDQzNTd9.uNw9ipBl9l2k7L7YLqPXm7LIpjHfUdEmrl6ZeBWDD_310v7bCnp9sxRGCEh1JZpSqJpjx8HAGAzjn-vN9cjmAw',1,'0540102',101,1,'$2a$10$6e1c2PcYSnUMtuSwrvCkoOPV8.nrVfsvpuO26nIDx/mOs5xFsb/Ea'),(3,'hello@naver.com',NULL,'팀구','$2a$10$14SC/pQtlRXer0qxQ50yuueHAMn6Asdex.5s1SW44CHDWFe3fBcMW','png','default','c21f969b5f03d33d43e04f8f136e7682',NULL,1,'0540103',0,2,NULL),(4,'test@test.com',NULL,'팀구','$2a$10$SeEAWv/eU0CkkI8pWfvvZ.MGcak/PXj0FY7nySmOI.8KNqwbUNfxG','png','default','c21f969b5f03d33d43e04f8f136e7682','eyJhbGciOiJIUzUxMiJ9.eyJleHAiOjE2Mjk4MTUzMzl9.HSM2DGx4HpYC3bDoajl1ZcA3T3ZFwpuBLrw5u_JiJmkC-E6cwN69qpa6GBo_mLeZXkcXix5M8jG9jWN32toaag',1,'0540104',0,0,NULL),(5,'test2',NULL,'팀구','$2a$10$BPx5lUqsCgLKoUWylaczueK9IaDCmkazF5jeOW7JFNQ2YmueBZFMK','png','default','c21f969b5f03d33d43e04f8f136e7682',NULL,1,'0540105',0,0,NULL),(6,'idea@naver.com','안녕하세요! 할말이 없어요!','팀구','$2a$10$KgGNxMNoU44B0yrujUM2n.HiwlkCYAPhtDgdRzrOnd8dzzJ0WU0Xy','png','default','c21f969b5f03d33d43e04f8f136e7682','eyJhbGciOiJIUzUxMiJ9.eyJleHAiOjE2MzAwMzAzMDZ9.VR20m1oWIgx5_hC4B5CQSmq_ld6OdZAIaPSK8aNSM9L1jJUQ3mX1mtlktZy1kV2sk9SWxiNRYbwQx4cNY3lbHw',1,'0540106',101,0,NULL),(7,'naannaan@naver.com','지금은 2021년 8월 9일 20시 27분','안프로','$2a$10$BdysKz1CmkwLwCjqcpEJjOIBuOygvHjnsDTXfeUZdE8bDiwXp96p6','png','default','c21f969b5f03d33d43e04f8f136e7682','eyJhbGciOiJIUzUxMiJ9.eyJleHAiOjE2MzAwMzc1MjZ9.PfWVE2XQF7fXWN0ET3bFGrTvXwZXf87yVq6o187pNhKuqML7x5FN42GFzA6KY8LdhD5iW-B_klES5rx0BAGVZg',4,'0540107',102,1,NULL),(8,'ssafy@naver.com',NULL,'팀구','$2a$10$zlrXPHVZFSOCVwXM8LC1k.V6nlF8qWl1bTgccHFu0cgWUXWTJYArS','png','default','c21f969b5f03d33d43e04f8f136e7682',NULL,1,'0540108',0,0,NULL),(10,'kim@naver.com',NULL,'김싸피','$2a$10$jQ0YMWXMesSZjkQHYfdY6OhWiOV69dU3oWhxqcw1YfX50vYz.PhVS','png','default','c21f969b5f03d33d43e04f8f136e7682',NULL,1,'0540110',0,0,NULL),(11,'park@naver.com',NULL,'박싸피','$2a$10$IcJdhNWYE01M38/bdYgU3OfXjdKjGv25fKNRa.id62BQEzYosSSxS','png','default','c21f969b5f03d33d43e04f8f136e7682',NULL,1,'0540111',0,0,NULL),(12,'seonmee@naver.com',NULL,'현선미','$2a$10$kPzSsEc2MOQwlEl3h45KMOeOuM/hk7K2TLOiCjs3280bJigambi.i','png','default','c21f969b5f03d33d43e04f8f136e7682',NULL,1,'0540112',0,0,NULL),(13,'lee@naver.com',NULL,'이싸피','$2a$10$L2RFL.HykpCmyN2RJDHxgez/bVi3KMmGKVJrbX0fHAD44qRxD2SIi','png','default','c21f969b5f03d33d43e04f8f136e7682',NULL,1,'0540113',0,0,NULL),(14,'kang@naver.com',NULL,'강싸피','$2a$10$JTY97BXU7jll7kFCDR.pQ.tEOSFiHwbBT9yYq1K7gLdh6kwfS4WgK','png','default','c21f969b5f03d33d43e04f8f136e7682',NULL,1,'0540114',0,0,NULL),(15,'jang@naver.com',NULL,'장싸피','$2a$10$9MtSA1CiCiA3U92jJAewxOsUuCoobnZKBGcBR77.SpeltD7/8vSAG','png','default','c21f969b5f03d33d43e04f8f136e7682',NULL,1,'0540115',0,0,NULL),(17,'test3',NULL,'팀구','$2a$10$3sWuulJG1.Fc0NAkJGvOX.cj4mTQbr1wBOYN75haf31mGtv5nUy/e','png','default','c21f969b5f03d33d43e04f8f136e7682','eyJhbGciOiJIUzUxMiJ9.eyJleHAiOjE2MjkxNzAzNTh9.kt7L76-XGSCYUPWcVX4VTdZ4a7NtzFgb5S6eFeumu86f5k2HEiyoTzwR7dhD0s2ryopoXeMJUg6pssiITa3H7w',1,'0540117',0,0,NULL),(18,'code.57x53@gmail.com','asdfasdf','강승현','$2a$10$OadV6.QmoC1CqP0QRA4DnOzwRa6B7J9KiArzqGVmM7pbfUSkJPv..','png','default','c21f969b5f03d33d43e04f8f136e7682','eyJhbGciOiJIUzUxMiJ9.eyJleHAiOjE2Mjg4MTkzODJ9.aAQ-EyU0BrqN6YoBO3YPONHc4CsQQqyZxebJ5l_MTDt1OMtU0D8Q7caNy9hYhwsIK240bZdz4AjIBSOhulzSgQ',1,'0540118',102,0,NULL),(19,'minho@naver.com',NULL,'장민호','$2a$10$xNhaYTRVRnNfy9B95dZh1esyrjllckhehshtgR/4eRc/6v.8ro1mW','png','default','c21f969b5f03d33d43e04f8f136e7682','eyJhbGciOiJIUzUxMiJ9.eyJleHAiOjE2Mjk5NTQyNDB9.1xeafR-23asSDTenzAaBOdnCUBYtdHXsVx-h9nfTw5URVJsFXZXmZy_9yyRodaxhQ98InN1QI93Y1TmUORismw',1,'0540119',0,0,NULL),(20,'donggillee94@naver.com',NULL,'이동길','$2a$10$GcsO6g9R1gb9dhhs22hALu9iuTCLNG3l87.O8iosvR9ueg2GCpfKW','png','default','c21f969b5f03d33d43e04f8f136e7682','eyJhbGciOiJIUzUxMiJ9.eyJleHAiOjE2Mjg4MTkxNDl9.wfHi3jq0p-4uZVexqgMjAu3lqT5yo5yhjwQmrVvRSHvVBH8bWWg2EzFKkehyUDuN3iI7Z1LnuLJgpoLyoTtwcQ',1,'0540120',0,0,NULL),(21,'test2@test.com',NULL,'팀구','$2a$10$0xCTzhDkgGIncFjVUWXAjOHAxySr8e2urumvUxGnuFCm3HGSe9GjO','png','default','c21f969b5f03d33d43e04f8f136e7682','eyJhbGciOiJIUzUxMiJ9.eyJleHAiOjE2Mjg4Mjk0Mjl9.JNEx7ez4SB_fh10CuenoJR2F8taLJo3f1JqVSkb__OfeBbG_6u9VHt7pQsH35YGqUekpYUzj2u5AK6yEAYxmjQ',1,'0540121',0,0,NULL),(22,'한글@ssafy.com',NULL,'한글','$2a$10$7d3URsQ.5/alVITMcySNFOHDnIVmH5PbdkuRhahdJe5HbRvdRc./G','png','default','c21f969b5f03d33d43e04f8f136e7682','eyJhbGciOiJIUzUxMiJ9.eyJleHAiOjE2Mjg4MjAxNDJ9.vdpEDvzKjQBwajAiMBwhtVYyHhPyxC4fpJrfUehAhpJNEmnWn-Ao4IGdBIK3i1RckS9jYacFgTi_ltMtH-Gm0w',1,'0540122',0,0,NULL),(23,'강리정@ssafy.com','안녕하세용','강리정','$2a$10$o.Ilt07DK0ol3pTs6PNw3.M2BT7mFowOEKq4QIanStkW5tQVYUlD.','png','default','c21f969b5f03d33d43e04f8f136e7682','eyJhbGciOiJIUzUxMiJ9.eyJleHAiOjE2MzAwNDIyMjl9.sPrhSlPX9J6UqS617MloJ2PYqJwhCU_BnJIr40ynxpqNTKFL9K9MXCrs7lQ-P83BS0Ga36M2lpy1TyrrP9OAMw',1,'0540123',101,1,NULL),(24,'강승현@ssafy.com','🙋🏻‍♂️미친듯이 성장하는 성장형 개발자\n(이 사람, 놓치면 후회할듯)\n\n🔥ESTJ\n\n1️⃣ 워라밸 필요 없습니다, 잠은 죽어서 잔단 마인드\n2️⃣ 서로 코드리뷰하고 정보를 공유하는 개발 문화를 좋아합니다\n3️⃣ 새로운 것에 도전하기를 좋아합니다\n4️⃣ 항상 최고일 수는 없지만 항상 최선을 다할 수는 있습니다\n\n','강승현','$2a$10$fb7HUuHPbscIF9yNQLjVJeY9C8OKgEnTqib4w7qgSLiFZUqDP3Gk2','jpeg','0540124_profile','76dafa13d7b061c90914936a46bb4ccf','eyJhbGciOiJIUzUxMiJ9.eyJleHAiOjE2MzAxNDc0NTd9.SJ0utMwxyTt5OPp0TvOaHC9wN4LSlbL6Nyi1PGPEvzSGVS1gL8ngWC6--grcCtAPL5cDGZKGO7k7rJHbh5Bdkg',1,'0540124',103,1,NULL),(25,'곽호근@ssafy.com','헬로우','곽호근','$2a$10$H/wJeVg0W9FBk5STJjWeTOcSGdHdbZ/A9fCJl5Wh91Fj6kp.wcYm.','png','default','c21f969b5f03d33d43e04f8f136e7682','eyJhbGciOiJIUzUxMiJ9.eyJleHAiOjE2MzAwMzAxNTN9.THOsAlrhN33sm2m9xIf1KOaHWHqY0si98qbIw5pE3xpJ4F1-LqNhh7jKB6x9f2K7swqOhl2XmLnErdKrBXSiSw',1,'0540125',101,1,NULL),(26,'김민재@ssafy.com','🔥🔥🔥🔥한번 시작하면 포기하지 않습니다.🔥🔥🔥🔥🔥\n\n한 번 시작하면 끝장을 볼 수 있는 팀의 백엔드 개발자를 맡고 싶습니다.\n또한! 프론트엔드 분야의 기술들에 대한 지식 또한 가지고 있기 때문에 백엔드 완료 후 프론트 작업에 대한 보조가 가능합니다.\n\n24시간 상시 대기 중이니 언제든지 연락주세요💨\n','김민재','$2a$10$x9rsn5LR1K3vAms3/da4Keff1wKvXpEJ1MGjhLTEOKWcGHwgUfE42','jpeg','0540126_profile','2d875ec59b33e9d319d547cdef060dde','eyJhbGciOiJIUzUxMiJ9.eyJleHAiOjE2MzAwMjc0NzZ9.p5MwH6Iaex5v5uydrTkRHJWuxVH-mKcJqU2_C5rH2FiVuwR-ipC7bTCNdcEqk_pVGWTw8EUBP5idnWeRCIipVQ',1,'0540126',102,1,NULL),(27,'김민주@ssafy.com','잘난 놈 제끼고,,, 못난놈 보내고,,,\n\n안녕하세요 모든걸 제끼고 여기까지 온 UnStoppable 개발자 김민주입니다😋\n\n이 모든 것은 저의 악바리 근성으로 이루었다고 생각합니다.😚\n\n이 끈기를 바탕으로 다음을 약속드립니다\n\n1️⃣밤샘 작업? 그까이꺼 근성 민주에게는 No problem~👌\n2️⃣하나에 메달리면 끝까지 부신다는 마인드💪\n\n다만 너무 몰두하면 위험해지는 경향이 있으니🔥\n잘 조율해주실 팀에서 저를 데려가주세요🆗','김민주','$2a$10$GUWgSgqskPvosobWZKrnVOEhb/zfD/mD1OTA4W502nkHOOBvqhq5G','jpeg','0540127_profile','096912882e2524183f3ba3972d8a8996','eyJhbGciOiJIUzUxMiJ9.eyJleHAiOjE2MzAwMzc0MDJ9._aQzRc650VS4Ms3WmCzQ8HUaX65mB14aZoUegge2S-_WBihQeCAB6hBaahfqomgs1t5moPis3OTcYLe0Li0nyQ',1,'0540127',101,1,NULL),(28,'김민지@ssafy.com','\"좋아하고 안 좋아하고는 두 사람만의 문제야. 반드시 누군가가 증명해야 되는건 아니야\"\n                                                                     - 보노보노\n\n💖 하지만 백엔드를 좋아하는 제 마음은 증명이 가능합니다.\n\n저는 이러한 팀에 들어가기를 희망합니다.\n🔴 9시 - 6시를 모두가 완벽히 지키는 팀\n🔴 백엔드 업무에만 집중할 수 있는 팀\n\n연락 남겨주시면 빠르게 답장드리겠습니다~ 많은 연락 부탁드려요.\n\n','김민지','$2a$10$dHrH4GYzm3nSZIso9mqBaujT9bBwnApXLICu3vDm6ifvMy0zTxlwa','jpeg','0540128_profile','c550187090d04d41daa6c45fcf97616d','eyJhbGciOiJIUzUxMiJ9.eyJleHAiOjE2MzAwMjc1NzR9.slMdNiXImG-MGKu1fV7BYBdACU2Z2jaf2rn_qK7B6me9pqmd8OuHKDwNgbGqOXn9V6-_Fp4BR73mNNKxh5KuPA',1,'0540128',102,1,NULL),(29,'김영환@ssafy.com','나는 봄이다','김영환','$2a$10$oZlePPX3qRrxEge5bqNvDONhERzg6IY2/FEfVTxQ334kZvyYDm6AG','png','default','c21f969b5f03d33d43e04f8f136e7682','eyJhbGciOiJIUzUxMiJ9.eyJleHAiOjE2Mjk5NzcyNTN9.TP5NXU7H9YEP0rk5hOdlYAZsoXO0smW_Z6Sqvl4fAPiiv1ZNQHphC1nptkHy8FPRFg7SdGkIgI7OJ7bJBr8VMA',1,'0540129',102,1,NULL),(30,'김우진@ssafy.com',NULL,'김우진','$2a$10$abd6ODfaJuFVhLOdQJGJZOvE5bKDjDQRr50eOikWun3vftRocHeTC','png','default','c21f969b5f03d33d43e04f8f136e7682','eyJhbGciOiJIUzUxMiJ9.eyJleHAiOjE2MzAwMjc5MzN9.kpOUL88L_oud_NanIx7Z_-RAQ2LHa88CfooGkIncp38attUXZtawi1C0hfD40t6r5lGWElPPIpT_D-7WwmBXBw',1,'0540130',0,1,NULL),(31,'김문희@ssafy.com','무늬는~ IoT가 하고찌푼데~😣\n\n안녕하세요 IoT가 하고싶은 우직한 26살 청년! 김문희라고 합니다💪\n\n언제든지 어디서든 부르시면 달려가겠다는 마인드😎\n\n저를 불러주시면 IoT? 바로 수상각~🏆','김문희','$2a$10$syeGcEiogr7OwMFMbKwTke2imHeaSf5lg6YqyrEL2XCRxuvJPinlO','jpeg','0540131_profile','c32591fe64e5cfca7b12619838e37c6b','eyJhbGciOiJIUzUxMiJ9.eyJleHAiOjE2MzAwMzQ0NzR9.-F4fSUbSA2h5dAB0bqkGMepmNdUoH6NX4JfCI3-cpiECBo9NJZw10GhSfgDLYU5cO3ACa2b_EhZluDwmN5ZPfA',1,'0540131',103,1,NULL),(32,'김하영@ssafy.com','안녕하세요 여러분😎\n\n✨프론트 최고 인재 두두등장!!✨\n\n제가 캐리하겠습니다!! 여러분은 가만히 계셔!!✋\n\nReact, Vue 둘 다 사용 가능하고 현업 경험 존재합니다~🏆\n\n완벽하고 깔끔한 UI/UX를 원하신다면 저를 데려가세요~☺️','김하영','$2a$10$0v9lmEJd..U2s4aWZ0IuL.kOxccW4g165vCz8NsYFm6tjDr0uvZzu','jpeg','0540132_profile','017c5c543a9bc54d4fd7e31db00c642b','eyJhbGciOiJIUzUxMiJ9.eyJleHAiOjE2MzAwMjcxNjN9.iUc-KXK6YIz8wxQkro-3MgGIefwpyuBcEkwdL-tOeDJG_xCSv2kxRQC1qaDjeYLKzEkmYcNAHlnfikRZf1aNLQ',1,'0540132',101,1,NULL),(33,'김학영@ssafy.com','안녕하십니까! 저는 소통이 즐거운 사람입니다.📢\n\n함께 소통하고 즐겁게☺️ 코딩하실 팀과 함께 하고 싶습니다. \n\n물론 프로젝트도 중요하고, 취업도 중요하지만, 저는 사람이 가장 중요하다고 생각합니다.\n\n좋은 인연 만들어 갔으면 좋겠습니다.','김학영','$2a$10$01J1TTyBP5HC.9CKSiAY3eoBXPkLJGR2UDqtXTWynz2npTVN1sTku','jpeg','0540133_profile','95ccb6c2b012b75b93936d71c1170f22','eyJhbGciOiJIUzUxMiJ9.eyJleHAiOjE2MzAwNDk1NzZ9.8YxddMvrANW7K9EszcWQowILQNJrHOat34jcz6O4k0wgOt5IH-Rx0o4-vNTX4l2QrcLBjHtUwY-RWbm_oysGQw',1,'0540133',101,1,NULL),(34,'김혜인@ssafy.com','후후후. 제 양손이 날뛰고 싶어서 근질거리는군요. 🦕\n\n이 양손을 잠재워주실 팀 구합니다...\n\n저는 백엔드를 희망하고 있고, 프론트엔드도 시키면 할 수 있어요\n\n하지만, 제 🤲양손은 백엔드를 더 원하고 있네요😎','김혜인','$2a$10$6F4CDe9pNj9Sfsz2GuFHJeq27p3Cxmgz5HyQzDX5cvXyS2365.W.m','jpeg','0540134_profile','fd18722556474a5863e3c9a3423a02d2','eyJhbGciOiJIUzUxMiJ9.eyJleHAiOjE2MzAwMjgwMjJ9.hBGTmLefPA8GkJOyDfTFXOqoZR9Jhlhm2x2O49Du-BIVZ6ozkCeS0Y9XHTLsGNnqEPkXTTymzr79dVMxeI9Vxg',1,'0540134',102,1,NULL),(35,'노희선@ssafy.com','🎇돌잔치때 JAVA 전공책 잡았습니다🎇\n\n다른건 몰라도 Spring과 Java만큼은 확실합니다😀\n\n든든한 백엔드 맡겨만 주세요🙂','노희선','$2a$10$n0TJHEXgkEcy26HodZz8pOLNMnQpPNMnCbGDXOLgEqPaYfr0fKgum','jpeg','0540135_profile','cb6b49496103261037482b29cad709f2','eyJhbGciOiJIUzUxMiJ9.eyJleHAiOjE2MzAwMjgzMzB9.ww900s2rk2PmmEbGBgQ2FtvnnOvBUygmr9H7_RJK8XkmKqzcpvyYofsJbktHSKk67b2qX6Owr_8OkN1fYMxFnQ',1,'0540135',102,1,NULL),(36,'맹창영@ssafy.com','안녕하세요~✋\n\n프론트 빡고수 맹창영 저에요~😎\n\n저를 안 뽑으신다? 많이 후회하실듯🤨','맹창영','$2a$10$yowYcd3RlVW9PYxZzFKabe5qK4Z3NQcGv5nKdZ5HGhdpwSxK90cwW','jpeg','0540136_profile','a427855398e75de76b6b5c70189989a9','eyJhbGciOiJIUzUxMiJ9.eyJleHAiOjE2MzAwMzMwNjh9.dM5VeswX4s4bBmygeRGhsoqz36Ku2TD0238LkM-jDfhojN2gu-xGV3_ubt14GMpnx5k4lB8KqebAOTTQdIqIdQ',1,'0540136',101,1,NULL),(37,'목상원@ssafy.com','IoT가 너무 하고싶어요...!! 😭\n\n이전에 프론트엔드 쪽 공부를 했었는데, IoT 하는 걸 보니 저도 같이 해보고 싶어졌습니다.\n\n경험이 없어 IoT 역할을 직접 맡을 수는 없겠지만🤭, 함께 프로젝트 하고 싶습니다.\n\n프로젝트 하면서 함께 공부할 수 있으면 더욱 좋을거 같습니다!','목상원','$2a$10$poSMOjZHS/Py2N.aV5Gaq.ivAGLzKPi5Di1MxZ09odBwCu.7aod0C','jpeg','0540137_profile','1880df0f7bf2d878b9d49c6db6361f2a','eyJhbGciOiJIUzUxMiJ9.eyJleHAiOjE2MzAwMjg2NTN9.WtYhcTQxM2ZutHM9lnTDKqJ7o5qpBbtIPO6va4QH41kKcXdky-8ErdI6TTE4aIGb2S3PlRVXQ5M35FWIem6cTA',1,'0540137',101,1,NULL),(38,'박은상@ssafy.com','<a>안녕하세요</a>','박은상','$2a$10$sz.e4exR2JkzypK5aFDtr.ob1ytaJgWAkaLpqZNCrINDa9oP0ujjK','png','default','c21f969b5f03d33d43e04f8f136e7682','eyJhbGciOiJIUzUxMiJ9.eyJleHAiOjE2MzAwMjg4NTF9.wYPWHQk0VpA2ZWaYffSciP3Czh-FFRlNh-busGoRDX5SnXCuC_yBKVXg6nsn4PaW_vtEFcStj9fT3HEcB9F5Ag',1,'0540138',101,1,NULL),(39,'박지우@ssafy.com','안녕하세요!\n새내기 Frontend 개발자 입니다! 😁\n\n새내기이긴 한데 실력은 새내기가 아닙니다 ^^\n믿고 맡겨 주세요🙏🏻\n\n1️⃣ 워라밸 중시\n2️⃣ 하루 할당량 못끝내면 야근 가능!\n3️⃣ 디자인까지 가능!','박지우','$2a$10$P1WFE4ocG0xR6z1hAnVB8uQOvLIIeqJD36u6d82d2d/EVTPNrdAHW','jpeg','0540139_profile','5b6962d0bd323aa65fc8223ae2c04047','eyJhbGciOiJIUzUxMiJ9.eyJleHAiOjE2Mjk5NzAzNjl9.hYXNoSz0CqyIeyb-jrGcERJklDDpJ3syofievUtoEtjumKCXSVUgAa99T8JPDGQZ26EMTGLkauP95Ckk4hf50Q',1,'0540139',101,1,NULL),(40,'백상욱@ssafy.com','노드도 추가해주세요ㅠㅠ','백상욱','$2a$10$i/Mf4i37h0gQkCh2cOblxO5TPH9X6BW5x9P/HSWH26ty91E6MtCAq','png','default','c21f969b5f03d33d43e04f8f136e7682','eyJhbGciOiJIUzUxMiJ9.eyJleHAiOjE2MzAwNDY1ODR9.8bvTtAT75QCUjudTz-cAmvo1LYAuZQIpWjbTdFahHCt9pJzJNjAqEZ5VTtciXa4iZt6qx_g10Gn3LSOTI4EBlg',1,'0540140',102,1,NULL),(41,'백유리@ssafy.com','ㅎㅇ','백유리','$2a$10$2f9Cnk8Euu9iIoePRock/.7IWKbuNO5YEdDb5OhuhyfOm7zKQiGP.','jpeg','0530000_profile','3c6eec922417bb3da83e7548976d3a04','eyJhbGciOiJIUzUxMiJ9.eyJleHAiOjE2Mjk5Mzk1NzJ9.sWKN2PFpbPWvgRoZLA3mMYsDOxBGDt-y5cu4DhRcTflstN7mL6r5kMF2Xqjk04urTOZKM9uQDtm8t5CyGY8AWw',1,'0540141',101,1,NULL),(42,'서민영@ssafy.com','?','서민영','$2a$10$4cJh2MADeyclGHYFmJL9Fu781sDxwhYcdjKoLWE70sXVAoK1oniYq','png','default','c21f969b5f03d33d43e04f8f136e7682','eyJhbGciOiJIUzUxMiJ9.eyJleHAiOjE2MzAwMzI4NTh9.Gi_iVfz6N3aIN_O7Aq_WjQFR2RuwR1r4jKXLcfC8xyBktpDrI-9HYIIf7MqJvq6bQpRtzFtSgzkPNDtPxy-oYA',1,'0540142',102,1,NULL),(43,'서요셉@ssafy.com','호호','서요셉','$2a$10$gvIowYRy6c51bdMv.WVCIul22DKzjjiXcGwyeZOidQJXgymGS4npC','png','default','c21f969b5f03d33d43e04f8f136e7682','eyJhbGciOiJIUzUxMiJ9.eyJleHAiOjE2MzAwMjUwOTZ9.pJeNFb7c4XXfFIK_1eYkIAkQPsyL5C3Mjz-xNkEvikZsHJDKO6yvoXOmbKMyMssTLEIFGePxNnOU-qm_I_AcFA',1,'0540143',102,1,NULL),(44,'신주환@ssafy.com','asdf','신주환','$2a$10$ei1UKqVdIJnZMjB.xvjGEOZx62BUwTIiE/FWhK4.f1UppdLk4l7B6','png','default','c21f969b5f03d33d43e04f8f136e7682','eyJhbGciOiJIUzUxMiJ9.eyJleHAiOjE2Mjk5Mzc3Mzl9.gkmuHLMZVE610D-dqZJZ0X-yGGW4_i-7hlh4hu1AryRecxedosxndR95IPWSvnbFN-vDVo1g9RO__5SA3PsNmw',1,'0540144',101,1,NULL),(45,'안대현@ssafy.com','GGGGGGGGGGGGGGGGGGGGGGGGGGGGGGGGGGGGGGGGGGGGGGGGGGGGGGGGGGGGGGGGGGGGGGGGGGGGGGGGGGGGGGGGGGGGGGGGGGGGGGGGGGGGGGGGGGGGGGGGGGGGGGGGGGGGGGGGGGGGGGGGGGGGGGGGGGGGGGGGGGGGGGGGGGGGGGGGGGGGGGGGGGGGGGGGGGGGGGGGGGGGGGGGGGGGGGGGGGGGGGGGGGGGGGGGGGGGGGGGGGGGGGGGGGGGGGGGGGGGGGGGGGGGGGGGGGGGGGGGGGGGGGGGGGGGGGGGGGGG','안대현','$2a$10$uQHxgUxIKyaeT1lfPF67Ke25ct12Zo06SSUudM4hAFqa/YgGVDoCm','jpeg','0540145_profile','d6db3a9aba16a61b4b0836b73037b2a6','eyJhbGciOiJIUzUxMiJ9.eyJleHAiOjE2MzAwMzQ5ODZ9.uHRoQk3PWYmR-96r4hZu_8pddF9IFMI9xBRUCBAjzhIQ6-XQf4TOnadijuwvEKbglbsK5bU5r0R24BjsaboxwA',1,'0540145',102,1,NULL),(46,'안석현@ssafy.com','sdssd','안석현','$2a$10$hLYdYwisdWjkk3KFTX6XTurQvPjShTKXWjmju8NEPZ7qTXb.oojGa','jpeg','0520000_profile','f4a6b27f198713088f6a75257bcdf239','eyJhbGciOiJIUzUxMiJ9.eyJleHAiOjE2MzAwNDU3MzV9.GHVDtGNiKEZRLAAY5n9goEG5_OsU6m3LxvuiJ2VVKchKuH9fMgd0a5Ihg0KfeouheEQAaVlwcecYRdw4kvnIiQ',1,'0540146',102,2,NULL),(47,'윤영은@ssafy.com','이건 자기소개','윤영은','$2a$10$UOCzH8XpSn38lRlOqH1h5.sxhwg7uSdGlb8j9Qt374ZRzae15J4O2','png','default','c21f969b5f03d33d43e04f8f136e7682','eyJhbGciOiJIUzUxMiJ9.eyJleHAiOjE2Mjg4Mzg0Njd9.tqC8AKlxXvBHBFtwDxFKV68bd8aekoeeHxmXGsWp3IZKDFEs-Cp5daXLuQ6pqu1JookFW3D39CouF0kQqiecEw',1,'0540147',101,1,NULL),(48,'윤익선@ssafy.com','안녕하세요!\n\n💻 임베디드 전문입니다\n\n임베디드뿐만 아니라 웹개발도 함께 배웠기 때문에\n어떤 분야던 모두 가능합니다!🙂\n\n✨ 수상을 하고 싶으시다면 저와 함께하세요!!!','윤익선','$2a$10$IQhk5nqaur/qrddhXu1xC.uIfMhy9btW8G93Brr1Ee5tqRtzYC99.','png','0540148_profile','348fc21239b14f5e5652a87f04848507','eyJhbGciOiJIUzUxMiJ9.eyJleHAiOjE2MzAwNDk4MTd9.nDUob8Nyh2N2OoR4G6akOe-a0OeyaCXAWzFzxm_GIGkck7QB4SITpg7yMMDjWnhtzqXryky2NUu8rgnHKA1JhA',1,'0540148',102,1,NULL),(49,'donggillee94@gmail.com',NULL,'이동길','$2a$10$akDpyRW0JtmkqN7fRJ4igO8qPthAHzM1IsObGjDIvN4ZK55tlJxky','png','default','c21f969b5f03d33d43e04f8f136e7682','eyJhbGciOiJIUzUxMiJ9.eyJleHAiOjE2MzAwMzk4ODV9.o-Ouc5FJ-Ta_i7Dp7B-alpwpaxW9Q0cnDKg5XfSFaAibwhTp_fV_Y3LdCf4pxzSjbjyFIIgeQ0SYGNOaJlSMcw',1,'0540149',0,1,''),(50,'이용재@ssafy.com',NULL,'이용재','$2a$10$V8OFZ5fQBMbxJntm.Qi6je.xOFgPJcBV4L.FkiYbTxMDAA.eS1eBa','png','default','c21f969b5f03d33d43e04f8f136e7682','eyJhbGciOiJIUzUxMiJ9.eyJleHAiOjE2MzAwNDU0MDZ9.HSsQ48PlDCo2glEDR5n5FoBVSufVHQry83Jd2PsqlFp__N6Y6FDwSF5nXB7kX9PKF4y7SY1N8Dl_vjbCB9nQyA',1,'0540150',0,1,NULL),(51,'이우섭@ssafy.com',NULL,'이우섭','$2a$10$tXEo8yZXiI9r/kGaXzj5Cu5vb/VqPCRg1JGh7KoX3Y.2qk8a7BbxS','png','default','c21f969b5f03d33d43e04f8f136e7682','eyJhbGciOiJIUzUxMiJ9.eyJleHAiOjE2Mjk4OTkwNTB9.WAF9gzaEMRQyM9M9jKv62KJwBdTSVc47hJp-jDLwKiIrlVoq6uvuD3oEGYGs2vGNpBLvNd4ni9c--swi4yEM7w',1,'0540151',0,1,NULL),(52,'이지훈@ssafy.com',NULL,'이지훈','$2a$10$6spj.juKCfUvAO6rIN/wneWnWGrV3PCJI.dHtngj5lS5o9IN2nUyu','png','default','c21f969b5f03d33d43e04f8f136e7682','eyJhbGciOiJIUzUxMiJ9.eyJleHAiOjE2Mjg4Mzc2ODl9.K9nBOUgubIESqj94f0iQhyNtK-rrdMOt7E7_XuRLOlGX2bymZywiDcO9UNpAaBuurNezVmbTVNyVRseIKGoclQ',1,'0540152',0,1,NULL),(53,'이채하@ssafy.com','안녕하세요.','이채하','$2a$10$us6oJlfzpaRk/YRZTo3KzeF2Gqp6Lpiy18uWuEbMyy43xVmAcvDiK','png','default','c21f969b5f03d33d43e04f8f136e7682','eyJhbGciOiJIUzUxMiJ9.eyJleHAiOjE2Mjg4Mzc4NDh9.htxEt42pbNDUdwZwTRJdFy0O9COBc5i6EcRF_4sQDM3WVol8Ethb-lxWdHUM9lkhQcMenZM1QTHfS9Eiw9P1Mw',1,'0540153',102,1,NULL),(54,'임완택@ssafy.com','자기소개를 작성해주세요','임완택','$2a$10$l7o0AGbsMYaQG7/w3cur/OFhZ7bYVde9G/eGY3bEgOeVPzp5dhMoO','png','default','c21f969b5f03d33d43e04f8f136e7682','eyJhbGciOiJIUzUxMiJ9.eyJleHAiOjE2Mjg4Mzg4OTh9.YqX2zZT3R-hGgyZlGKiI86uZ36QgELZ4uBHTDU69B0tmC8YW5ZeNmXz4_UmIMLH0zU9F60Iuxt4wABWoxUF-ng',1,'0540154',102,1,NULL),(56,'장민호@ssafy.com','안녕하세요 장민호입니다','장민호','$2a$10$7pctzZPRYDNHee2n4inyr.2DBwvSktb8UYQreXHH3/kgh2IQWFEqy','jpeg','0540156_profile','499ffe350d6a7f5001b5f90dfd961af7','eyJhbGciOiJIUzUxMiJ9.eyJleHAiOjE2MzAwNDA3MDR9.iGMoOrj7uQJRRvL407AVdlrN-SIGv_32zd1LgMNU5GaPywWBRaUqLO7szLv8mA-x1RUIs7oXwCEFu4bg9hRvYg',1,'0540156',101,1,NULL),(57,'장영아@ssafy.com','초밥 먹고 싶당','장영아','$2a$10$Wwp7Ozd1hIMsnPBoXrqkq.s/wS2NbZ0DzIdxu3QXEN0Y6pESNLO6q','jpeg','0530000_profile','3c6eec922417bb3da83e7548976d3a04','eyJhbGciOiJIUzUxMiJ9.eyJleHAiOjE2Mjk2NTQ4Mjh9.gdg3kf8_OXBkn64voYn0H9sAxJ06FUVwc1B3BonKva9XlFISJMuy21iTS121dd2sjijhA9v7Ld9NYVlv5vxOZA',1,'0540157',102,1,NULL),(58,'장진우@ssafy.com','안녕하세요','장진우','$2a$10$.TDdroYW1PuuiBdg8cyQVO4WyyTbjUMsLsgTD2ATl3wDRGjFPq6E6','png','default','c21f969b5f03d33d43e04f8f136e7682','eyJhbGciOiJIUzUxMiJ9.eyJleHAiOjE2Mjk0MDkxNzh9.51CWHodesRtnEFZXRHKkqrOvpkseaVYABuwhUcO_7lxePy-d9HuG5kXfDBzBN5mZtv2E5OuHRkEurEwGU2BcQQ',1,'0540158',102,1,NULL),(59,'전도명@ssafy.com',NULL,'전도명','$2a$10$Z7O1PDRtIHTvRAMjgPXLceW7RwFpXQ1ARsgwP/LHiHzVGma9YbsO2','png','default','c21f969b5f03d33d43e04f8f136e7682','eyJhbGciOiJIUzUxMiJ9.eyJleHAiOjE2MzAwMzQ3MjV9.z3h2ldHwmMRHdf6go5w7ioYlXJicIRi96ytdEBkIo3PjQylkkpxl8fajjAl612mW0sBWDIHOiJ2BykjGvS_JOw',1,'0540159',0,1,NULL),(60,'전선규@ssafy.com','와우... 갓 너무 이쁘군요','전선규','$2a$10$O2snm0kVMRoFfE9gJmZNOeBh3X/.ZUUN5mnA8RWV90nesZX1JJryS','jpeg','0540160_profile','8f9227bbf8a7c033e861ce2e5491ade5','eyJhbGciOiJIUzUxMiJ9.eyJleHAiOjE2MzAwNDU4MDB9.hPKfehBjVMSmOpb0PZNqDZ4FqFmQEcJxNiODXunR7mfEGePVoINQ4DK0btLC3TSwt99VRON-SbiLftMU9CNzhA',1,'0540160',101,1,NULL),(61,'정명지@ssafy.com',NULL,'정명지','$2a$10$crQa.IohryBPWZ86wNva8.rTyHLj9lpZzAgvb8.opG6XG1MgbL2KO','png','default','c21f969b5f03d33d43e04f8f136e7682','eyJhbGciOiJIUzUxMiJ9.eyJleHAiOjE2Mjk3MzQyODd9.7WOdA4_zuQtLsDJFXT1WbliIg9FY3ahoXes6Dg4Z7fjxx3bPQg_9X9yayFmNULv0qODT3i8HZWml2DKvAsuQSw',1,'0540161',0,1,NULL),(62,'정준영@ssafy.com','호달달..','정준영','$2a$10$dedvgtBOJse35A0QBcwwzu2zvucHwzYa3yyDAeGZICcRBMO3pSw/e','png','default','c21f969b5f03d33d43e04f8f136e7682','eyJhbGciOiJIUzUxMiJ9.eyJleHAiOjE2Mjk3MzQzMDB9.JR2ND909iDvJ7tLvphvmff3m2Anm4G-1o7vtT0IP-47VA5zxd8Ej3CXlZqIprcb-7Itx1QUtxg2WEdP1-7i5Bg',1,'0540162',102,1,NULL),(63,'정희진@ssafy.com','열심히 하겠습니다!','정희진','$2a$10$egazJLZnJAhKmuzQGJy1kOOeNXkJ6RR3tElMTKLhCzt0bYR6ghqTS','png','default','c21f969b5f03d33d43e04f8f136e7682','eyJhbGciOiJIUzUxMiJ9.eyJleHAiOjE2MjkzODk4NTJ9.WlnhZi4n_evP5r7AUN_yWhPrZdE4JdBo8OV_lsrFSOb1xHv4o9cs0VZyqXUkA7y9h07BbaXLcFNj2kqfmJ23yQ',1,'0540163',101,1,NULL),(64,'조동윤@ssafy.com','입양 부탁드립니다.','조동윤','$2a$10$0x8zodUidDC9D4xMePI0Ve.G0BQmenDMmHjomq7nh9vbGQT3uY.JW','png','default','c21f969b5f03d33d43e04f8f136e7682','eyJhbGciOiJIUzUxMiJ9.eyJleHAiOjE2Mjk3MzQzMTB9.9-uW6HgxGJ2JdHhMm1uDd55KT8HHoF8tuGXIz69vedH5ar1pISKUsnn7g17K5XcOQ85Bc7JkUMlu6zSEhhMuVA',1,'0540164',102,1,NULL),(65,'허남규@ssafy.com','허남규','허남규','$2a$10$JSZGeWtjiF0GmNER9HKRZut23uzKfadrFz0Xy6Qvt24U2Go4estdm','png','default','c21f969b5f03d33d43e04f8f136e7682','eyJhbGciOiJIUzUxMiJ9.eyJleHAiOjE2Mjk2NjgyMjR9.TG3m3c9mvc-2Ed50hKMTkhCmKxLZZ2ZVCzEz_h0ilAgzLSebcEqHcW4nigJzKfyymoXUdiYw0T3ggizWS4wpTQ',1,'0540165',102,1,NULL),(66,'이은택@ssafy.com','안녕하세요~!\n\n🌎 중국어, 한국어, 영어 3개 국어 가능!\n\n1️⃣ 센스있는 영상 기획 가능!\n2️⃣ 몰입감 넘치는 연기 가능!\n3️⃣ 개발은 개발대로! UCC 마무리까지!\n\n많은 연락 부탁드립니다🙂\n','이은택','$2a$10$3z0CFdEIPL1b/G5Zz5Mx9eO/JIDJhjjOq96SS7CzvnJA4RPQwA4WW','jpeg','0540166_profile','e20ad0f28afe210c90846d66e20e269d','eyJhbGciOiJIUzUxMiJ9.eyJleHAiOjE2Mjk5NzEyMDZ9.fU1-vlmLRYH2XaK5_WaHejfee9htP9IN_706wQqeBcqbsQ0oKhE7t-vSlAbym8SfhOfOoq_xO9U-KGrL9nDphg',1,'0540166',101,1,NULL),(67,'이태희@ssafy.com',NULL,'이태희','$2a$10$oiqkRl11UsE74r.wURFqYu4CpU7Yo02JcJGs0nDO/E2qBokyr.ATy','png','default','c21f969b5f03d33d43e04f8f136e7682','eyJhbGciOiJIUzUxMiJ9.eyJleHAiOjE2Mjk5OTczMDJ9.yzAmJ0P_gwUXnMbt-yJl9SbhUC5jen0EVMyyJ3y6idqJW0X_j_wuuffJ7TTGOnWYXufEm23rTHhiioMOBoAcHA',1,'0540167',0,1,NULL),(68,'test@naver.com',NULL,'test account','$2a$10$iOzgIVoyIRF3spU5WtVSOek6TeWlLBFbj68sQvp4N/T.ys.ALCZWy','png','default','c21f969b5f03d33d43e04f8f136e7682',NULL,1,'0540168',0,0,NULL),(79,'홍길동@ssafy.com',NULL,'홍길동','$2a$10$W/KCS5RCHsKhPjasuxUPB.jUJGGnO3aFvc7ysGB/DuVherhCg7lKi','png','default','c21f969b5f03d33d43e04f8f136e7682','eyJhbGciOiJIUzUxMiJ9.eyJleHAiOjE2MzAwMzgwMDZ9.DjCY94E0LEFp_MKoKF78xHk1S50oZfQ1F-EtO2y9JLoGMdLv2w1CBRN4axCvlKoLQJdg1oduv81BNkOQoPcylQ',1,'0540179',0,1,NULL),(80,'이몽룡@ssafy.com',NULL,'이몽룡','$2a$10$NuV0Rp.UfQGkwh14tn/6SOVQzemor6f6iAXK0kgh6tslwaAS4fwly','png','default','c21f969b5f03d33d43e04f8f136e7682',NULL,1,'0540180',0,0,NULL),(81,'강춘향@ssafy.com',NULL,'강춘향','$2a$10$EOCVHHa1VLEu28bOBVNwyuHvW7ekjlmIpUeDVa6KjA8MqdPhzszJS','png','default','c21f969b5f03d33d43e04f8f136e7682','eyJhbGciOiJIUzUxMiJ9.eyJleHAiOjE2Mjk1NDE3NzN9.NBsX02x2PhswTMVTk68xbCd0jgD7CwL6wATSm0tB4ZUs-xdUUZlPWzY1Ft4EQSSuJ_E9bZLTeohbi730jym1Sg',1,'0540181',0,0,NULL),(82,'jangdongkyun6576@gmail.com',NULL,'장동균','$2a$10$Zv0tw1S0UoS9bZU1.MifyeGGZw3xnlecHSN.h.U9uq0o6aIj6i41C','png','default','c21f969b5f03d33d43e04f8f136e7682','eyJhbGciOiJIUzUxMiJ9.eyJleHAiOjE2Mjk2MjAwOTV9.hHbr97WmsyiAxub2aC-uSS40iYEy4umsydPyt5bKRdDSa0SBZeF5Hzw5ydd1bAs24UYRbttn0KGVkoULKf__Qw',1,'0540182',0,0,''),(83,'이순신@ssafy.com','안녕하세요, 제 이름은 이. 순. 신. 입니다.\n\n잘 부탁 드리오.','이순신','$2a$10$JxTHrKUXcK/FgW6jffVMxOHsx6C29kKb9WG6Pa7HGjOK3rSiVrJx6','jpeg#1629289325048#1629289343172','0644567_profile','fcb052294026047565ae7928d71d2f7f','eyJhbGciOiJIUzUxMiJ9.eyJleHAiOjE2Mjk4OTk3NjV9.CnWJcLu_VADByHKsgDEXNBYWta5WpOin20lKLrJ4xfuZArvPx-yPRIXMdA7rQ9KIYZTMf4e-M6qI_30vWHov1Q',1,'0540183',102,1,NULL),(84,'김세종@ssafy.com',NULL,'김세종','$2a$10$M3dlUBsCH/oDdWiw1g4czeUTJb5zJui78c/VAMQTQccJHP/sgGZIC','png','default','c21f969b5f03d33d43e04f8f136e7682',NULL,1,'0540184',0,2,NULL),(85,'박태종@ssafy.com','안녕하세요!!\n\n꼬북꼬북~\n\n물대포 맞기 싫다면 알아서 자알 합시다.','박태종','$2a$10$qNs1k03Y3SUN56hL9f8SXOx89aoqXYEb3Vn5KUt0c0oOyUOSKutHK','jpeg','0644557_profile','815c869ac82836e6773e9e9a64f81b86','eyJhbGciOiJIUzUxMiJ9.eyJleHAiOjE2Mjk4OTkzMDB9.a8B6fvuW8Ru7T6biiMXYJc-rljK_2vwAfR2fqEWWe4Fm3e8dYiR7pdPO176oxNppihfUlC7GBmPj90w0rLz5mQ',1,'0540185',101,1,NULL),(86,'dummy61@ssafy.com',NULL,'육기더미일','$2a$10$xNdrSoCHhQi9/vmK.XLkYetyVRChXg.eNKWfquNXW1dgmKfuVkot.','png','default','c21f969b5f03d33d43e04f8f136e7682',NULL,1,'0540186',0,1,NULL),(87,'dummy62@ssafy.com',NULL,'육기더미이','$2a$10$MH8K.lo4BCNH2xXM9pUhY.OX47HV7/ywVlCcPvU3XF7vb/ZNfzG4e','png','default','c21f969b5f03d33d43e04f8f136e7682',NULL,1,'0540187',0,1,NULL),(88,'dummy63@ssafy.com',NULL,'육기더미삼','$2a$10$khMYq7f/hEgqwZhIT.SRweWWZh173Cu5f.YyMUC0d69xyyNq3RRc.','png','default','c21f969b5f03d33d43e04f8f136e7682',NULL,1,'0540188',0,2,NULL),(89,'오늘은8월17일@ssafy.com',NULL,'3시 50분','$2a$10$YY3BEqXVM7mBsTq3KbObdeB714zhHyEiRl261AjrkxhUh//kfOI1C','png','default','c21f969b5f03d33d43e04f8f136e7682',NULL,1,'0540189',0,1,NULL),(91,'miskim@ssafy.com',NULL,'미스김','$2a$10$6OCujz4uFNDwVedInz4V/eLjGaxbEXkjWxdQ14gBVqYqj9dFJcYuK','png','default','c21f969b5f03d33d43e04f8f136e7682','eyJhbGciOiJIUzUxMiJ9.eyJleHAiOjE2Mjk4OTI1MTB9.lTrkDtSBWrNUydYShiHSYDu0xFhuQVlEdN3gmRo83XzfQXKpF2tWTPxeS6dH5Pkq0XPmrsUPDYSIaz3P7uBISg',4,'0540191',0,1,NULL),(92,'jang@gooooogle.com','저는 불꽃 카리스마 \"미스 장\" 입니다. 제가 잘 하는 것은 볼꽃발사 입니다.','미스장','$2a$10$GTgN0TJiz7T8y.mayL.x4eDi22a7OTdQaR44RnWCCMXpIF3mwxsjK','jpeg','0640002_profile','62c837af70e27cfac8d3f1bc60444bb6','eyJhbGciOiJIUzUxMiJ9.eyJleHAiOjE2Mjk4OTc1OTN9.310vVkwSd8cd-lsUWdrPNwo6aO590kJeoz3W0wImqvhU8XBTwd1lzC6bwHH3ORyrw_dKnUuN2QUa6AhXFvSW4A',1,'0540192',101,2,NULL),(93,'관리자@ssafy.com',NULL,'관리자','$2a$10$trc1033ufZZK/5LQ1VhL9.rlcR5THuCP4elF.Eq9bE7yNKW248B62','png','default','c21f969b5f03d33d43e04f8f136e7682','eyJhbGciOiJIUzUxMiJ9.eyJleHAiOjE2MzAwNDYyNjF9.Qv04FIgY5DBdlHQYmMJkZOs4htWbs0lGCDiHhsNW21aaQ8jH9SDqbNKcEFhNVXh6hyQ4wnzQyimDuZlKM_DgDA',4,'0540193',0,0,NULL),(98,'ssafy@ssafy.com',NULL,'나싸피','$2a$10$Bt.EnMm0Zk6hDQdflOJrveeYX8Y9YaDpP9OZlm3cp6giAOhOMRX1S','png','default','c21f969b5f03d33d43e04f8f136e7682',NULL,1,'0540198',0,1,NULL),(99,'너도싸피',NULL,'너도싸피','$2a$10$ZrnBkwZxqmrGB6dcyEacq.2hinul5BzmzeJhwnE7jCzv57b8hx6wS','png','default','c21f969b5f03d33d43e04f8f136e7682',NULL,1,'0540199',0,1,NULL),(100,'싸피싸피',NULL,'싸피싸피','$2a$10$FKTbiXLi3xPdKUZAhzR18uKo3ZznVF.v8IDabKfF0gLZ2vBfOvR9i','png','default','c21f969b5f03d33d43e04f8f136e7682',NULL,1,'0540200',0,1,NULL),(101,'서지윤@ssafy.com',NULL,'서지윤','$2a$10$kz0wl9o6feoMNw5txye7we0WUDLYVO.wkP/796EVtFW.p7cgy5pXy','png','default','c21f969b5f03d33d43e04f8f136e7682','eyJhbGciOiJIUzUxMiJ9.eyJleHAiOjE2MzAwMzE4NTN9.QanRLuwGemZAbInRjH1ccHzPlAXt5v1bTdAZHY5yRBbbklLYueMM59uDQcPKUeU4_etLStANsqUS08NUPPzA-w',1,'0541001',101,1,NULL),(102,'최시호@ssafy.com',NULL,'최시호','$2a$10$FgDGFad8ExlHfo1i6D5BYOHdZbLZhJR1Wn9h60TF.jp3oK64q5qde','png','default','c21f969b5f03d33d43e04f8f136e7682',NULL,1,'0541002',101,1,NULL),(103,'임지현@ssafy.com',NULL,'임지현','$2a$10$EVKbw2H3Sk/o0AlGncY5OO.QM.6PBHmZPz6OeXzLMxkGrmbfIIhKO','png','default','c21f969b5f03d33d43e04f8f136e7682',NULL,1,'0541003',101,1,NULL),(104,'전태린@ssafy.com',NULL,'전태린','$2a$10$bLQ6w.P2Ntv95zbm4pySYOBxkk0DMEMrVMP4IL63TYGXL64D5TwRW','png','default','c21f969b5f03d33d43e04f8f136e7682',NULL,1,'0541004',102,1,NULL),(105,'강한나@ssafy.com',NULL,'강한나','$2a$10$8420py4Pn0RlGG2s5UXa1.k141jvBV32vIFGem3gdUyZWhAUDa6Ou','png','default','c21f969b5f03d33d43e04f8f136e7682',NULL,1,'0541005',102,1,NULL),(106,'홍지효@ssafy.com',NULL,'홍지효','$2a$10$FlYDZA/P.YL4apY9C6sVz.XLQALmaA4YU1cIghGP68v1Tiv8GjbAa','png','default','c21f969b5f03d33d43e04f8f136e7682',NULL,1,'0541006',102,1,NULL),(107,'홍세영@ssafy.com',NULL,'홍세영','$2a$10$Pm1p.t95SbiCPQxqoyWU6uOqaPYC9XWXjTvQN3qvSIyj2H5RABIJe','png','default','c21f969b5f03d33d43e04f8f136e7682',NULL,1,'0541007',101,1,NULL),(108,'정채아@ssafy.com',NULL,'정채아','$2a$10$nGPJf13EPxEvK1zOe1jFzOhSRC9hxhqUpd7dYqLf5HxyMUggrtuuG','png','default','c21f969b5f03d33d43e04f8f136e7682',NULL,1,'0541008',101,1,NULL),(109,'강혜린@ssafy.com',NULL,'강혜린','$2a$10$9ous6f9hw/Fh7Aj7k5c4wefqFbOaN3xhDjMf8P//T0MxmfFc2dVFa','png','default','c21f969b5f03d33d43e04f8f136e7682',NULL,1,'0541009',101,1,NULL),(110,'오윤후@ssafy.com',NULL,'오윤후','$2a$10$ZnySYpM/GDKJDfq3/sPeKeve//osAIp3H1pPXj9nIep7sHtM5mk0u','png','default','c21f969b5f03d33d43e04f8f136e7682',NULL,1,'0541010',101,1,NULL),(111,'이아라@ssafy.com',NULL,'이아라','$2a$10$Ze8029VuNvqNPKWGVI2NoOofR/n.MTtZ18dYsgB0Q8i3E6CatVvDy','png','default','c21f969b5f03d33d43e04f8f136e7682',NULL,1,'0541011',101,1,NULL),(112,'윤대현@ssafy.com',NULL,'윤대현','$2a$10$zRuAE513SoYMapwFa.v7f.iQn0SzTLVbp.Rn1cY9JKsZOTuYgnzIq','png','default','c21f969b5f03d33d43e04f8f136e7682',NULL,1,'0541012',102,1,NULL),(113,'장서진@ssafy.com',NULL,'장서진','$2a$10$xCzenGjFuTMIvT.erM.A/.BIbDDzUQEhWCVIjdtg9YTo5Ypexj/U.','png','default','c21f969b5f03d33d43e04f8f136e7682',NULL,1,'0541013',101,1,NULL),(114,'윤태준@ssafy.com',NULL,'윤태준','$2a$10$aD/lmy/jdVq8gZqwz/z1jug79V063sxrMOlZg0FuHIrthqVybbGBG','png','default','c21f969b5f03d33d43e04f8f136e7682',NULL,1,'0541014',101,1,NULL),(115,'권지수@ssafy.com',NULL,'권지수','$2a$10$k25G4Eav5roFPpNlBnye3e7Wr4P5AvcahsNm4no.kl.w2qNAyBkxm','png','default','c21f969b5f03d33d43e04f8f136e7682',NULL,1,'0541015',101,1,NULL),(116,'강해솔@ssafy.com',NULL,'강해솔','$2a$10$rX/f5hRheJJWdym6nlZ1Bu7gwakLYpWuEAjivaISW3ZwhiIG68tzm','png','default','c21f969b5f03d33d43e04f8f136e7682',NULL,1,'0541016',102,1,NULL),(117,'전유은@ssafy.com',NULL,'전유은','$2a$10$T1NvjP5aD07EWDsvkLIyreuJUB89Jt058fZlFjQa/TOAsWXjTkNF2','png','default','c21f969b5f03d33d43e04f8f136e7682',NULL,1,'0541017',101,1,NULL),(118,'박유정@ssafy.com',NULL,'박유정','$2a$10$J58xfV1sa41yfk.qZC9hGu2u31cLTxa4aGJVPkFY5zibSiSxU6lz6','png','default','c21f969b5f03d33d43e04f8f136e7682',NULL,1,'0541018',102,1,NULL),(119,'송은지@ssafy.com',NULL,'송은지','$2a$10$euUCfKZmZxSCOgcz8scjbu51Q3WEfAhSKKOJWjfALo5HvEiwPTqTe','png','default','c21f969b5f03d33d43e04f8f136e7682',NULL,1,'0541019',102,1,NULL),(120,'박하린@ssafy.com',NULL,'박하린','$2a$10$Oqkfs2M8VGE34qd4RnEKwObJ63ycqiDGKHfGhFYlQ6.ByWfbW5uum','png','default','c21f969b5f03d33d43e04f8f136e7682','eyJhbGciOiJIUzUxMiJ9.eyJleHAiOjE2MzAwMDY3Mzd9.vRXH9h8BEekjPXV0agMZ4aDERbOhFRbjGZct8AQfLcSAOn6X_QJ5sC4aquf78Up7by7brnoeLzhRCst698wmWA',1,'0541020',101,1,NULL),(121,'황혜성@ssafy.com',NULL,'황혜성','$2a$10$nuWv3avNjM50JWjOZh47fOiPdy8lM2z8eGxirogQdrQDpY/5pH58q','png','default','c21f969b5f03d33d43e04f8f136e7682',NULL,1,'0541021',101,1,NULL),(122,'정시훈@ssafy.com',NULL,'정시훈','$2a$10$ZKu12ZyAmhV1BUhB4hutVuTYGodCZgD6gp3Ti7If5zKLtQ0LJkS7K','png','default','c21f969b5f03d33d43e04f8f136e7682',NULL,1,'0541022',102,1,NULL),(123,'권연아@ssafy.com',NULL,'권연아','$2a$10$lMHQGUrK/KZU4.njB2eRluL9jTeDeugCh.biyQUqMtnaHti5BGZmS','png','default','c21f969b5f03d33d43e04f8f136e7682',NULL,1,'0541023',101,1,NULL),(124,'한태연@ssafy.com',NULL,'한태연','$2a$10$DT6h4eNFj7eIwhSBZEmsmeyHwbgXv3ZQHHRfCph84uQXdzEksOihe','png','default','c21f969b5f03d33d43e04f8f136e7682',NULL,1,'0541024',102,1,NULL),(125,'이은수@ssafy.com',NULL,'이은수','$2a$10$qULiQQeZAnVTeVSFiD1TfOiQN/5wJ7D6.kdtLthcNvGx6XmMR1UjW','png','default','c21f969b5f03d33d43e04f8f136e7682',NULL,1,'0541025',101,1,NULL),(126,'홍우영@ssafy.com',NULL,'홍우영','$2a$10$i4cuRUPOWGgE716NIeHoTuRGemrskcbiC75GcpU9bljHb7PIzZG/K','png','default','c21f969b5f03d33d43e04f8f136e7682',NULL,1,'0541026',102,1,NULL),(127,'윤주은@ssafy.com',NULL,'윤주은','$2a$10$ifQwOQsC89frwFbSRKRkxOaaeL6IIm3jT0RYOehrX4qI95h6IWzXa','png','default','c21f969b5f03d33d43e04f8f136e7682',NULL,1,'0541027',101,1,NULL),(128,'최채빈@ssafy.com',NULL,'최채빈','$2a$10$gaoWxXRDy4Kzkakz3NJjAedCZSqSfzQp9XfTzr9cCyDoHYV/c2VfO','png','default','c21f969b5f03d33d43e04f8f136e7682',NULL,1,'0541028',102,1,NULL),(129,'김주완@ssafy.com',NULL,'김주완','$2a$10$xQ2/lh2XC2tlDLu.hUqpD.5YGvBg5tD8GBg.psUuo3wDlDWykDCHG','png','default','c21f969b5f03d33d43e04f8f136e7682',NULL,1,'0541029',101,1,NULL),(130,'안채윤@ssafy.com',NULL,'안채윤','$2a$10$a9ZXihhtRSDNvBZM4H4wH.4.dRWMac/atpgCTjjXrYsuXTnwas2he','png','default','c21f969b5f03d33d43e04f8f136e7682',NULL,1,'0541030',102,1,NULL),(131,'정유은@ssafy.com',NULL,'정유은','$2a$10$nlC72Az6fx6Dfy7Y6BWh5upvujftmH8jlKF7gOT3tpTNQbtezsCRa','png','default','c21f969b5f03d33d43e04f8f136e7682',NULL,1,'0541031',101,1,NULL),(132,'윤태율@ssafy.com',NULL,'윤태율','$2a$10$OvY9J5amC.T4tEb6nZWvEOXJVBJZaDugKXyYclvuGpb7rXh73QPNG','png','default','c21f969b5f03d33d43e04f8f136e7682',NULL,1,'0541032',101,1,NULL),(133,'황주아@ssafy.com',NULL,'황주아','$2a$10$I4qcwQAlCfDCRVRSvvvDTuzYUwYqVrnEQi0TBNNDSLorAqDRbiqNa','png','default','c21f969b5f03d33d43e04f8f136e7682',NULL,1,'0541033',102,1,NULL),(134,'장세준@ssafy.com',NULL,'장세준','$2a$10$kpCbV/kuVjs8EptbZdI5iOBMBh72.jwOpbwXLWYLf0JtEqi508cSC','png','default','c21f969b5f03d33d43e04f8f136e7682',NULL,1,'0541034',102,1,NULL),(135,'김유안@ssafy.com',NULL,'김유안','$2a$10$gxjv0T4huzhx/euo94b6GOF386bKD3GMe2CExRWQ.tVdPVdXQmMPW','png','default','c21f969b5f03d33d43e04f8f136e7682',NULL,1,'0541035',101,1,NULL),(136,'안동욱@ssafy.com',NULL,'안동욱','$2a$10$q9hmb1uqihPXo2839CjYzejaWG5wKd3Kj.w7o6qOl4fs.ULdKFUKK','png','default','c21f969b5f03d33d43e04f8f136e7682',NULL,1,'0541036',102,1,NULL),(137,'윤성빈@ssafy.com',NULL,'윤성빈','$2a$10$t9UdlJtW6zyrCs6QHhoMDOMIAbGp1BBo./ip6swS9dONbSGuz081u','png','default','c21f969b5f03d33d43e04f8f136e7682',NULL,1,'0541037',101,1,NULL),(138,'김은재@ssafy.com',NULL,'김은재','$2a$10$oheXxb5C/1PW3N7xrFi9WeWI34fKu9/p1pvfUciYF5N.iuODG3KR6','png','default','c21f969b5f03d33d43e04f8f136e7682',NULL,1,'0541038',101,1,NULL),(139,'송유라@ssafy.com',NULL,'송유라','$2a$10$3WVbLI9k6YtTl0YIXFpqre2bVjXyvOB81Tf8z7Mx8gMcRqViA9NDu','png','default','c21f969b5f03d33d43e04f8f136e7682',NULL,1,'0541039',101,1,NULL),(140,'전세아@ssafy.com',NULL,'전세아','$2a$10$mrtD89wY0..y2DriBjOFG.l2BT7YLVRZy9TFMv.WpFutuAIrTNjgm','png','default','c21f969b5f03d33d43e04f8f136e7682',NULL,1,'0541040',102,1,NULL),(141,'성유안@ssafy.com',NULL,'성유안','$2a$10$HIHrPW1or1xiXnxzRJENfOA1svKbnvQour09G9DSNovz2b7uh7xou','png','default','c21f969b5f03d33d43e04f8f136e7682',NULL,1,'0541041',101,1,NULL),(142,'홍태준@ssafy.com',NULL,'홍태준','$2a$10$CsnHNU5VLiZyTCV2i2H/vu6hgKGKympUT.b/mGa58IR0hvp.pl2c2','png','default','c21f969b5f03d33d43e04f8f136e7682',NULL,1,'0541042',102,1,NULL),(143,'윤보미@ssafy.com',NULL,'윤보미','$2a$10$6u3hcOGKsRBy9swekMveH.87.XfBrstKXSVhFhP.xSQ02wrLxrO56','png','default','c21f969b5f03d33d43e04f8f136e7682',NULL,1,'0541043',101,1,NULL),(144,'권지운@ssafy.com',NULL,'권지운','$2a$10$uYCTO9BYYquugKORt.5hV.jsy9clnjqU5xPmJ.wPYoJBButLUmG2K','png','default','c21f969b5f03d33d43e04f8f136e7682',NULL,1,'0541044',101,1,NULL),(145,'전승우@ssafy.com',NULL,'전승우','$2a$10$rQuEdJKR3/b0dnJUVwlLgu8Gt8eCnCgooShVoU4RBoRFqF.mWBXxO','png','default','c21f969b5f03d33d43e04f8f136e7682',NULL,1,'0541045',101,1,NULL),(146,'김우현@ssafy.com',NULL,'김우현','$2a$10$fn91AvQZwYP0PwX5hVxZfuibarZ5Fd7Z2RCXyrSYMLsF3MFkp/jT6','png','default','c21f969b5f03d33d43e04f8f136e7682',NULL,1,'0541046',102,1,NULL),(147,'이설@ssafy.com',NULL,'이설','$2a$10$3K6PUNd.9NFAoJIE3VyUD.6XknUYZUzCK.VoK1Zr6fkOMa/57.H9i','png','default','c21f969b5f03d33d43e04f8f136e7682',NULL,1,'0541047',102,1,NULL),(148,'김아진@ssafy.com',NULL,'김아진','$2a$10$iYl7aN6btslMVSbdWoLeoO3yf.tAlkVCdX5xve4LOCNJqDHCMG6ma','png','default','c21f969b5f03d33d43e04f8f136e7682',NULL,1,'0541048',102,1,NULL),(149,'전단우@ssafy.com',NULL,'전단우','$2a$10$ZoUDMceAcBleSESg.AfvBe/kjSA4vo2cP2zQocR1hAnf2zYe2u.Ri','png','default','c21f969b5f03d33d43e04f8f136e7682',NULL,1,'0541049',101,1,NULL),(150,'오태양@ssafy.com',NULL,'오태양','$2a$10$psfz2MYIxjOvl2QNUeAfYebcaAulC4ny7G2qxQJOOf.7CpnxaVRX6','png','default','c21f969b5f03d33d43e04f8f136e7682',NULL,1,'0541050',101,1,NULL),(151,'윤채희@ssafy.com',NULL,'윤채희','$2a$10$Y8rwicS0MMx19tcLYZNRG.WGRS4Im9oNJV00Ld3fLnnFjoycQU1Nm','png','default','c21f969b5f03d33d43e04f8f136e7682',NULL,1,'0541051',101,1,NULL),(152,'서시원@ssafy.com',NULL,'서시원','$2a$10$DWnIAC/.PDsyhs9Knp0MdexMU7L60WiF9l9GIiYPA.iUtbHcRHy7G','png','default','c21f969b5f03d33d43e04f8f136e7682',NULL,1,'0541052',102,1,NULL),(153,'조우준@ssafy.com',NULL,'조우준','$2a$10$rmP30NCNcj4p3N0.3gB9ne10/dvyKr22Tcd0n/LB29/8H.vgI/9Xe','png','default','c21f969b5f03d33d43e04f8f136e7682',NULL,1,'0541053',101,1,NULL),(154,'오시호@ssafy.com',NULL,'오시호','$2a$10$v9fnfJh.tVAC3yFe8PGLVuBMBA/IXsxAKi7.6/zY/fe/KXdW0Jo2C','png','default','c21f969b5f03d33d43e04f8f136e7682',NULL,1,'0541054',101,1,NULL),(155,'신지운@ssafy.com',NULL,'신지운','$2a$10$0R6caH.MbHqZQGYETg3WFuRhKFKQEJTH8a9T7/bVLHdldtNR8V2ma','png','default','c21f969b5f03d33d43e04f8f136e7682',NULL,1,'0541055',101,1,NULL),(156,'홍지호@ssafy.com',NULL,'홍지호','$2a$10$eR6YkaQkl9sYgbAXxi50O.KALebBO4/3E7r6nmXek.40LgU0vBmwS','png','default','c21f969b5f03d33d43e04f8f136e7682',NULL,1,'0541056',101,1,NULL),(157,'홍소영@ssafy.com',NULL,'홍소영','$2a$10$Uji3/XfYlUTVysYfsLF52.g1qq8OdnDfqmqcA7t0P2YTj.lDP2qfW','png','default','c21f969b5f03d33d43e04f8f136e7682',NULL,1,'0541057',101,1,NULL),(158,'전예지@ssafy.com',NULL,'전예지','$2a$10$rAPFvXIRMJ5OzN6pnoTBTOINUg5U5o7D/TfgsJsfEOTDLTGBFGmyS','png','default','c21f969b5f03d33d43e04f8f136e7682',NULL,1,'0541058',102,1,NULL),(159,'최우성@ssafy.com',NULL,'최우성','$2a$10$/utYppo7qcFi76bHWWbgQeGg9wUxZVl6MJ9D./NqAn5Z/h3Av2DeK','png','default','c21f969b5f03d33d43e04f8f136e7682',NULL,1,'0541059',101,1,NULL),(160,'안민찬@ssafy.com',NULL,'안민찬','$2a$10$DqR1UlbLX.G95AvfXH4NfOxK4iP3Xi9Ala2FHdLz3MtFJUAXnBXsW','png','default','c21f969b5f03d33d43e04f8f136e7682',NULL,1,'0541060',102,1,NULL),(161,'강선우@ssafy.com','팀장분들, 저를 믿으셔야 합니다. 다시 한번 말씀드립니다. 백엔드는 전적으로 저한테 맡기시고, 팀원분들은 그저 프론트만 신경써주십시오\n\n농담입니다 ㅎ... 하지만, 백엔드에 대한 제 마음만큼은 진심입니다.\n\n누구보다 열심히 할 자신이 있습니다!!! 저를 데려가주세요.🛒🛒\n\n','강선우','$2a$10$mYlyODYcXYc4u7ZjwKN1u.ZtDAAQKTfYqNxn4RHRMj2LAz3ZZjVQO','jpeg','0541061_profile','93e2aa404291ad10df4c950d68530b17','eyJhbGciOiJIUzUxMiJ9.eyJleHAiOjE2MzAwMjkxNjR9.ZLjGmivjxO5fibWtVRB9HY_LBwolWLffsQPH5oKzufWCxPR66CwO849qzpBkiSsr7BF5PRhpWCsSonv-GGpskQ',1,'0541061',102,1,NULL),(162,'강리아@ssafy.com','안녕하세요~☺️\n\n더이상 프론트 개발자 찾아다니는거 멈춰!!✋✋\n\nVue.js, React.js 등 다양한 프론트 언어를 섭렵했을뿐 아니라\nPython, Java도 찍먹 해봤기때문에 풀스택 개발자로 다뤄주셔도 좋아요!!🔥\n\n✨더이상 인재 찾아다니시지 말고 저를 Pick!! 해주세요!!✨','강리아','$2a$10$t7S.pgCccgky3f0G2qJFXuXvgaJCADNqISu0q4H4UIbCfEeFg60Da','jpeg','0541062_profile','29962cd70843d5f610fd4c7a4aea9b25','eyJhbGciOiJIUzUxMiJ9.eyJleHAiOjE2MzAwMzQ3NTB9.2OH1whExgIPkMrORzeZgIrXi1-CX5V9ZqhRtaeROSl0qfm5roIhmtWElLYEAaomuXYkDICTYRn8rILgT8m5mcg',1,'0541062',103,1,NULL),(163,'권주아@ssafy.com',NULL,'권주아','$2a$10$jdvntka68Zzi.qUmC8rdqug6mLklqHXkecOM5laI1s7vfCY6pvzmm','png','default','c21f969b5f03d33d43e04f8f136e7682',NULL,1,'0541063',101,1,NULL),(164,'김산@ssafy.com',NULL,'김산','$2a$10$tVMpC/CN0Tm81.S41fy/hOk0cMnD9o0N4KVtYN1lFy2/CWyk474UK','png','default','c21f969b5f03d33d43e04f8f136e7682',NULL,1,'0541064',102,1,NULL),(165,'신현준@ssafy.com',NULL,'신현준','$2a$10$ZjhCH1cT6Z1zszt2Y5Ayh.masdmWoBhPsLhki/KKRdw.cbl.rYK2y','png','default','c21f969b5f03d33d43e04f8f136e7682',NULL,1,'0541065',101,1,NULL),(166,'최해솔@ssafy.com',NULL,'최해솔','$2a$10$t0JKw.HrkC8tTXlonQtasefvEStztIzFTHSAgo7hXv.7r9IKZzXmK','png','default','c21f969b5f03d33d43e04f8f136e7682',NULL,1,'0541066',102,1,NULL),(167,'송경민@ssafy.com',NULL,'송경민','$2a$10$YuVEUSIhZeGDcNnNmaJujey5B99RJsjzDcQHISCy7HzKgv6WTnOLy','png','default','c21f969b5f03d33d43e04f8f136e7682',NULL,1,'0541067',101,1,NULL),(168,'조승후@ssafy.com',NULL,'조승후','$2a$10$1Rs6xJLpFBelJSu91wVOEechy7vOtZNjMmoJVR01mXs02rwhuJrvG','png','default','c21f969b5f03d33d43e04f8f136e7682',NULL,1,'0541068',102,1,NULL),(169,'윤하람@ssafy.com',NULL,'윤하람','$2a$10$AhK42voku7msfYx7/Egg6eP5AEQP2/LYvzQZE2qWwg6cge0Ywdt9K','png','default','c21f969b5f03d33d43e04f8f136e7682',NULL,1,'0541069',101,1,NULL),(170,'강성훈@ssafy.com',NULL,'강성훈','$2a$10$Y3ZAxDqwH/N1RVxfsZS4auTQ9OWHpIdco6saejpPsfHVxfXFJ..gu','png','default','c21f969b5f03d33d43e04f8f136e7682',NULL,1,'0541070',102,1,NULL),(171,'송원우@ssafy.com',NULL,'송원우','$2a$10$GgPwnW.KExQLUzqUGf4iCOmMSyx.Q7d3HrKquYdPaGjkPGIxfxVM.','png','default','c21f969b5f03d33d43e04f8f136e7682',NULL,1,'0541071',101,1,NULL),(172,'최준형@ssafy.com',NULL,'최준형','$2a$10$c9PrlFXAZVxnfRehyVKF0On52/Hf2Hc4LJFzQZJzvgA0Z1NnuUKgG','png','default','c21f969b5f03d33d43e04f8f136e7682',NULL,1,'0541072',102,1,NULL),(173,'정진서@ssafy.com',NULL,'정진서','$2a$10$j6dZcD5otvAHyqmn2vt8m.rnDUH/efhUxpeZ5EUHTaJjfKrjIi2h2','png','default','c21f969b5f03d33d43e04f8f136e7682',NULL,1,'0541073',101,1,NULL),(174,'정지우@ssafy.com',NULL,'정지우','$2a$10$nWoYi2j7ffdlIeWxOnrFAuFkEV7LCWOdAeiZhomSnAjUbSfHb5yJ6','png','default','c21f969b5f03d33d43e04f8f136e7682',NULL,1,'0541074',101,1,NULL),(175,'홍태호@ssafy.com',NULL,'홍태호','$2a$10$A/DcYH15xMUQOjEuuLO7QuyVgR80NmkKeBgPCqs6EG8zQfxvblREK','png','default','c21f969b5f03d33d43e04f8f136e7682',NULL,1,'0541075',102,1,NULL),(176,'이은성@ssafy.com',NULL,'이은성','$2a$10$Y9cRrE9L.CgxjmiSgV3dC.PPWYFgjRaKNQyBg.YI7JpxIEtj4qzAi','png','default','c21f969b5f03d33d43e04f8f136e7682',NULL,1,'0541076',101,1,NULL),(177,'안채원@ssafy.com',NULL,'안채원','$2a$10$ogKUDpR67tlPaTTtcYjeeeMQmz.529zR5mjJ0xOzGqQe11we8wSz6','png','default','c21f969b5f03d33d43e04f8f136e7682',NULL,1,'0541077',101,1,NULL),(178,'박소현@ssafy.com',NULL,'박소현','$2a$10$loZwVWK1LoNzZgo2Te1y6edAALyrVO4eSxEwPMWt1j5WmDESk1Uzm','png','default','c21f969b5f03d33d43e04f8f136e7682',NULL,1,'0541078',102,1,NULL),(179,'임재훈@ssafy.com',NULL,'임재훈','$2a$10$UePxXPXynmgnHriknWN1.udFWIk.I83i7WotUv8POfxWNNcR/7XzO','png','default','c21f969b5f03d33d43e04f8f136e7682',NULL,1,'0541079',101,1,NULL),(180,'서승아@ssafy.com',NULL,'서승아','$2a$10$OwzN7JnNBCaVG5h0pAtYKewkGM74wUVw/ru4UaW.g9uzChb474YEu','png','default','c21f969b5f03d33d43e04f8f136e7682',NULL,1,'0541080',101,1,NULL),(181,'서재우@ssafy.com',NULL,'서재우','$2a$10$EBev8qJoOMWRhSr3D59c3uXeOh.Oo/ib9XrQm1s8xeH23EPxMfVhe','png','default','c21f969b5f03d33d43e04f8f136e7682',NULL,1,'0541081',101,1,NULL),(182,'박온유@ssafy.com',NULL,'박온유','$2a$10$wZ/DnXjIHy1Yc5tnNCy1nO/lcjZKwSDTGYtOO16yo53gvYa55EWh.','png','default','c21f969b5f03d33d43e04f8f136e7682',NULL,1,'0541082',102,1,NULL),(183,'홍이현@ssafy.com',NULL,'홍이현','$2a$10$tsQmkqIV9t1/tZbA86aR7OcshAxCkTV/sTrOri0c3xRRyxq/okKbW','png','default','c21f969b5f03d33d43e04f8f136e7682',NULL,1,'0541083',101,1,NULL),(184,'조시안@ssafy.com',NULL,'조시안','$2a$10$cll7CZTW4ngZDsnZlZIqw.v6.Mc4dOUkTC1A9Te4n4ZGthrgiAOxu','png','default','c21f969b5f03d33d43e04f8f136e7682',NULL,1,'0541084',102,1,NULL),(185,'윤하엘@ssafy.com',NULL,'윤하엘','$2a$10$RJudeMuV5sgeJ4pleNPJ2Ox6tpUNu3ZyqbVzWvTXCNAOB6ewtRmzi','png','default','c21f969b5f03d33d43e04f8f136e7682',NULL,1,'0541085',101,1,NULL),(186,'서승찬@ssafy.com',NULL,'서승찬','$2a$10$W1UToBd3NR/RmL//rFhkWucEmzieFRKmVsrkEiz3eJ2X3il5AEoD.','png','default','c21f969b5f03d33d43e04f8f136e7682',NULL,1,'0541086',101,1,NULL),(187,'안한나@ssafy.com',NULL,'안한나','$2a$10$PQ.AhvavU4NNsRmYa00q7.GK52UxLpEFceuX3yufVsY4ggwAa8mua','png','default','c21f969b5f03d33d43e04f8f136e7682',NULL,1,'0541087',101,1,NULL),(188,'조형준@ssafy.com',NULL,'조형준','$2a$10$GdC7EwPVFpS34DKc2V9Mm.njDRfqEfVM.yREEVr4.NitgXjfRAOPC','png','default','c21f969b5f03d33d43e04f8f136e7682',NULL,1,'0541088',102,1,NULL),(189,'김재우@ssafy.com',NULL,'김재우','$2a$10$QlVh4GbYtl0Rg2U3OcRPEuglrbWX0lRiIPrssVmkvD9aYuxckziRW','png','default','c21f969b5f03d33d43e04f8f136e7682',NULL,1,'0541089',102,1,NULL),(190,'홍지환@ssafy.com',NULL,'홍지환','$2a$10$47sM/m8DuqTHohiYG49VbO1uTEf9dQd9.uM3xGJ2sBRrsazm2o6r.','png','default','c21f969b5f03d33d43e04f8f136e7682',NULL,1,'0541090',102,1,NULL),(191,'서지오@ssafy.com',NULL,'서지오','$2a$10$DimrJEIjkg2KdYyirSyuUeriwwO/QvAK6aUjuiT7zU3BpEaWg1Jr6','png','default','c21f969b5f03d33d43e04f8f136e7682',NULL,1,'0541091',101,1,NULL),(192,'최봄@ssafy.com',NULL,'최봄','$2a$10$kwasy02.9Aylm3nzs2fWqunT5Esy2tuluJoEfNdB01VWgsfPx3mZa','png','default','c21f969b5f03d33d43e04f8f136e7682','eyJhbGciOiJIUzUxMiJ9.eyJleHAiOjE2MzAwNDU3NTd9.w2tRDLd7OBCFdsZuTeMvE2rPi3Hz7e4zPnwiN55VwABdQRZz71b5MI0JzVBTvodf0x0Qe_KiaBbMdG_FeXLaSA',1,'0541092',101,1,NULL),(193,'장고은@ssafy.com',NULL,'장고은','$2a$10$jOAxm14V2bX0PGmCPgDbJOWJzbebGiGS2qiUR.QvisXKcN2em1BkK','png','default','c21f969b5f03d33d43e04f8f136e7682',NULL,1,'0541093',101,1,NULL),(194,'장연서@ssafy.com',NULL,'장연서','$2a$10$ZW0ZaQ.LEn50Twn9ArBSB.n4nr/mi8ny9nJl1psBYq8dhlBU6y2.O','png','default','c21f969b5f03d33d43e04f8f136e7682',NULL,1,'0541094',102,1,NULL),(195,'최서윤@ssafy.com',NULL,'최서윤','$2a$10$PVj7gtAZ80FpN27aYUYHBuxH8BIgAq/RUOg/Q3FGD8U6ztOSiWd3m','png','default','c21f969b5f03d33d43e04f8f136e7682',NULL,1,'0541095',101,1,NULL),(196,'송동준@ssafy.com',NULL,'송동준','$2a$10$WBnNjBLgLFehwp54gKRCReGoa3LtuBJOwnth7MGfNWRrXN.I.f2Gm','png','default','c21f969b5f03d33d43e04f8f136e7682',NULL,1,'0541096',102,1,NULL),(197,'강태우@ssafy.com','안녕하세요!👋\n특화 프로젝트 \"빅데이터\"에서 \"백엔드\" 개발자 구하시는 분 연락 부탁드립니다🤙\n\nSpring Boot, Node.JS 로 개발 경험 있습니다! 엄청 잘하진 않지만 부족한 부분이 있어도 1인분은 해나갈 자신이 있습니다~! \n\n프론트엔드는 많이 부족하지만 일손이 부족하다면 도울 수 있습니다!☺️\n\n빅데이터는 처음이라 잘 모르지만 여러분과 함께 공부하며 진행하고싶어요~~ 많은 연락 부탁드립니당','강태우','$2a$10$Luh1A9wFi1OWTBoVHLHJ/ebhOf2d/J.re9oR7HyiczMgFZTsJxW7G','jpeg','0541097_profile','1c519b15711caa59381be4e3c73b8721','eyJhbGciOiJIUzUxMiJ9.eyJleHAiOjE2MzAwMjk3MjB9.vHuOTcgxEFAMcX7YVKZPy3seIdi7nrlBiPFQgB-DOwa5_dPOeozF2NwHkjzcaiS3-9a7gmgUPYT5xwiMsuDYwg',1,'0541097',102,1,NULL),(198,'이이준@ssafy.com',NULL,'이이준','$2a$10$NXmt3MzLljtri7StSAfmBeSk4J7xWcrFXvtSGKso2KkdPJOrhYm1e','png','default','c21f969b5f03d33d43e04f8f136e7682',NULL,1,'0541098',101,1,NULL),(199,'서태민@ssafy.com',NULL,'서태민','$2a$10$B1749B27SbXcOSRqr61D5uBg58.q4rGm/N78Nq7rqQZfILZcgVgU6','png','default','c21f969b5f03d33d43e04f8f136e7682',NULL,1,'0541099',101,1,NULL),(200,'강승찬@ssafy.com',NULL,'강승찬','$2a$10$3iJUMokdU0CcZ.R/29lxgubDXSNw5FdHm8g2SMhvoZdvh7mf5BTDO','png','default','c21f969b5f03d33d43e04f8f136e7682',NULL,1,'0541100',102,1,NULL),(201,'안민호@ssafy.com',NULL,'안민호','$2a$10$7Hpnj1FQnDa2fODHjirtg.bEwNNnEAmp19irY5P1NqZ1TMRTFw3Mu','png','default','c21f969b5f03d33d43e04f8f136e7682',NULL,1,'0541101',101,1,NULL),(202,'최형준@ssafy.com',NULL,'최형준','$2a$10$EFMZGhNCBDcNjAy8n2.izOo361ugWPxg.q.N.0mqGKFjEWke0Hg8u','png','default','c21f969b5f03d33d43e04f8f136e7682',NULL,1,'0541102',102,1,NULL),(203,'홍주은@ssafy.com',NULL,'홍주은','$2a$10$8PWNxCEk4LrZ0L2kQHP3fuKfmSxmJ4.q3gXmVp66YJyNyP08zy0vK','png','default','c21f969b5f03d33d43e04f8f136e7682',NULL,1,'0541103',102,1,NULL),(204,'신현빈@ssafy.com',NULL,'신현빈','$2a$10$0aFLirM43VH9SLnSV0.C8.M2JCGGP5mMC1mLciHTKZw57/YWq8g7y','png','default','c21f969b5f03d33d43e04f8f136e7682',NULL,1,'0541104',101,1,NULL),(205,'한소이@ssafy.com',NULL,'한소이','$2a$10$LSefB8zDRmL04c/Dh3OTCOapjtJihJBCUAnt82VnyGCRNtsS3NZjS','png','default','c21f969b5f03d33d43e04f8f136e7682',NULL,1,'0541105',101,1,NULL),(206,'전수호@ssafy.com',NULL,'전수호','$2a$10$FobtheHyf9btavsQk0kH1OHzKu7UJdUx55ReTX.L3yrTjZ2lpChKu','png','default','c21f969b5f03d33d43e04f8f136e7682',NULL,1,'0541106',102,1,NULL),(207,'이하율@ssafy.com',NULL,'이하율','$2a$10$l460ZG3VkFobLvYP9MTL.OQj8af5HgUBa5jWbM7hO3hfbybQLOgwy','png','default','c21f969b5f03d33d43e04f8f136e7682',NULL,1,'0541107',101,1,NULL),(208,'홍신우@ssafy.com',NULL,'홍신우','$2a$10$YUDehP.BN7AHu3qFVKlokuKiEqQk27URw9pzmZFrK16.YPbveNLXi','png','default','c21f969b5f03d33d43e04f8f136e7682',NULL,1,'0541108',102,1,NULL),(209,'김가윤@ssafy.com',NULL,'김가윤','$2a$10$OpHZJklwayG1LxTRWNEz8eurGDEgQfmszDIzKCdUfHMhGZaWShFg.','png','default','c21f969b5f03d33d43e04f8f136e7682',NULL,1,'0541109',101,1,NULL),(210,'송시훈@ssafy.com',NULL,'송시훈','$2a$10$Zv4VKVXdmswnkdvTdhw5v.Qq8AKjBn2PCQiTFDw1vLu7uWvubb4pW','png','default','c21f969b5f03d33d43e04f8f136e7682',NULL,1,'0541110',102,1,NULL),(211,'오현우@ssafy.com',NULL,'오현우','$2a$10$fQ9sGGeJliTu.JuYKn0psevzQPi99mUsXRHb0Kar1AAit0cKwQm6u','png','default','c21f969b5f03d33d43e04f8f136e7682',NULL,1,'0541111',101,1,NULL),(212,'전다원@ssafy.com',NULL,'전다원','$2a$10$kWA0fmNQqH7hyk9zOcnpWOuAiLu89qq2lEx3P9aLc3f3FAj1pjfga','png','default','c21f969b5f03d33d43e04f8f136e7682',NULL,1,'0541112',102,1,NULL),(213,'정도진@ssafy.com',NULL,'정도진','$2a$10$nxIJyKLwAMF8GuW.frdawO4vJVtZlWP2icKZVirLpI3hcCW84/FAW','png','default','c21f969b5f03d33d43e04f8f136e7682',NULL,1,'0541113',101,1,NULL),(214,'한산@ssafy.com',NULL,'한산','$2a$10$zXVNaYO5DBhjtRr6t6D2fOgq1nUiE7swLlMNT/Ddum0TRF7CJgLq2','png','default','c21f969b5f03d33d43e04f8f136e7682','eyJhbGciOiJIUzUxMiJ9.eyJleHAiOjE2MzAwNDY3MTB9.XqYVbAU1JXUYYlNwgYa4ocQsuSHseXbnjFbclI6M75WcF4ATZYxfue_eLd23zliWlAdc5P7kWKGod9ns7TBEEg',1,'0541114',102,1,NULL),(215,'강연서@ssafy.com','팀에서 장난꾸러기 역할을 맡을 \"장꾸🤪\" 강연서입니다.\n\n제가 팀을 리딩하지는 못해도, 분위기 메이커 역할은 톡톡이 해낼 수 있습니다.\n\n화기애애한 분위기 속에서 프로젝트를 진행하고 싶다면, 저에게 메시지 주세요!😍','강연서','$2a$10$gePTyTfe0Wnig98RY/bXV.GtMonMDdCu9K5UxrggUPk6Z4IFElNvC','jpeg','0541115_profile','a4731eda5f512916dd94aa2be38952c5','eyJhbGciOiJIUzUxMiJ9.eyJleHAiOjE2MzAwMzE1NTJ9.gD9TmKdk3K9HhDl9zJV45bHSZ-u6bTqvF3xqeO026iqmStBeQ8rk1cbjS8IkPlmkK5nihnQWwprpnez4ZCsKmA',1,'0541115',101,1,NULL),(216,'강태인@ssafy.com','안녕하세요!☺️\n\n도망다니는 팀원들 이제 지겨우셨죠??😵‍💫\n\n탈주하는 팀원들의 빈자리 때문에 마음 아프셨죠???😭\n\n저는 어디가지 않고 여러분의 곁에 든든히, 끝까지 자리할 소나무같은 FE 개발자입니다🗿\n\n저와 함께 끝을 보고 싶으신분은 언제든지 저를 불러주세요!!🔥🔥','강태인','$2a$10$LLXnBgjfXIjLJIpEu.5KGOWGEwvQZLbNFfwi3VLF331T.d1HxCJZC','jpeg','0541116_profile','10e7486077037f158a30a626abd1a553','eyJhbGciOiJIUzUxMiJ9.eyJleHAiOjE2MzAwMjk4MzV9.tfR6jlUPyOIrMf_7lHPTHm-YoCo80_F7LQaHZjLCk7lqsCtrMnKFYfCxDDVpd8xNq1klfMKrHKu3Rm65-aS7UQ',1,'0541116',101,1,NULL),(217,'김고은@ssafy.com','다른 프로젝트를 하시면서 가슴에 비수가 날아와 꽂히셨다고요?💦\n\n제가 그 비수 제거해드리겠습니다. (저는 이미 비수를 제거해본 경험이 다수 있습니다.)\n\n팀원들의 마음을 이해하고 다독여서 성공적인 프로젝트를 하는 것에 익숙하죠.\n\n또한, 제 주변에는 굉장히 오랜 시간 살아계신 분들이 많이 계세요. 덕분에 얻기 어려운\n\n데이터들도 손쉽게 얻을 수 있답니다. \n\n저와 함께 한 프로젝트는 항상 눈부실겁니다. 날이 좋거나, 좋지 않거나 적당하거나 상관없이요~\n','김고은','$2a$10$wLZ5FxapgutSwqyjTnRyz.zW.R05Ccxym1q0GFtfl2WDUIU5NwP7.','jpeg','0541117_profile','5f8ebae56c15dab87f442a3b872452c3','eyJhbGciOiJIUzUxMiJ9.eyJleHAiOjE2MzAwMzIzMjF9.k1ECpgcMNutDBJbOIypzzeQKpcqakcdmftGne9oDMdDqKwf-vQ12oGKRAP748kUYiRr_PravnwNqeGMSXKPPhw',1,'0541117',102,1,NULL),(218,'강준희@ssafy.com','🤩 저는 민트초코를 좋아합니다. \n\n🦐 저는 탕수육 찍어 먹습니다. \n\n😵‍💫 저는 건포도 들어간 식빵 안 좋아합니다. \n\n🍕 저는 파인애플 피자 좋아합니다.','강준희','$2a$10$SzXeYAIppSceaA/k/uM5l.I75FB1qyoLn6Phue.V13MkeHAKTM3h2','jpeg','0541118_profile','e2f172e14940cc92251176e20b9730c1','eyJhbGciOiJIUzUxMiJ9.eyJleHAiOjE2MzAwMjkzNzd9.HgMQUQOY4deb58JpwQhi36R9VTI_qNITCXG_ILFXHjazqlp48hALl7Zse__M_TpeXbDKmjblOHX5yhgxdwqECQ',1,'0541118',103,1,NULL),(219,'윤은수@ssafy.com',NULL,'윤은수','$2a$10$NLsvOZb253u2yfRhqJq8SegFypcySVt/r6fsI8R.iEs2swPICBXTa','png','default','c21f969b5f03d33d43e04f8f136e7682',NULL,1,'0541119',101,1,NULL),(220,'홍동훈@ssafy.com',NULL,'홍동훈','$2a$10$LdsmGBHq2yBKzLDQOzmC5eerl/RW4J/aEs3n5FKkS7FnLJ2JPIv7S','png','default','c21f969b5f03d33d43e04f8f136e7682',NULL,1,'0541120',101,1,NULL),(221,'강민성@ssafy.com','술 한 잔 마셨습니다.\n\n팀을 못 구해도 좋습니다. 하지만 저 하나만 기억해주세요.\n\n진심을 다해 전합니다. 제가 사용 가능한 기술들이 별로 일 수 있습니다. \n\n하지만, 밤낮으로 고민하고 공부했습니다. 뷰 리액트 이 두 친구만큼은 정말\n\n자신있습니다. 최선을 다했고 열심히 했습니다. 저의 진심이 느껴지길 바랍니다.\n\n고맙습니다.\n','강민성','$2a$10$0/wW3mWz1xVQf2qzAE8CjeFVFF.j5Vpa.pqzD/L9s.20BBlrHhAJG','jpeg','0541121_profile','25725b7f5e2d6af8335c77a20d46158b','eyJhbGciOiJIUzUxMiJ9.eyJleHAiOjE2MzAwMzE3NjV9.eonP9ljgWxXf_ODDQHTrSN9zKGycwc31O_wZuFNKehPNHuavrFlZdhujkTqSj5BoHoiTspbs_jd3k3jX8iYqmQ',1,'0541121',101,1,NULL),(222,'오윤지@ssafy.com',NULL,'오윤지','$2a$10$wA6PIu1wXuyWPxeZA0QiE.KakCmSRxibWT02U7LYoug8l85Gpv2bK','png','default','c21f969b5f03d33d43e04f8f136e7682',NULL,1,'0541122',101,1,NULL),(223,'안시호@ssafy.com',NULL,'안시호','$2a$10$TMi42BtrYZjyND0PrUoFw.m0DyAermWqS9Bkvo3EyaB3vKOrmaxfq','png','default','c21f969b5f03d33d43e04f8f136e7682',NULL,1,'0541123',101,1,NULL),(224,'서세훈@ssafy.com',NULL,'서세훈','$2a$10$lLfpzeJEmZE7pboTGeBcE.Rfe0P4P/ZmboxyLTCiZJHAV56wZL0sW','png','default','c21f969b5f03d33d43e04f8f136e7682',NULL,1,'0541124',102,1,NULL),(225,'홍혜윤@ssafy.com',NULL,'홍혜윤','$2a$10$ifmrKqcJMCUeQFWuLe2PSODLQAQiRiCRSQ8mYQRxq4SvBnCWnOcOS','png','default','c21f969b5f03d33d43e04f8f136e7682',NULL,1,'0541125',101,1,NULL),(226,'권설@ssafy.com','거참 프로젝트하기 좋은 날씨구만.\n\n그렇습니다. 프로젝트하기 좋은 가을😁이 돌아오고 있습니다.\n\n저는 가을에 특히 최고의 효율을 내는 백엔드 개발자입니다.\n\n그렇다는 것은? 저를 데려가주시는 팀은 땡 잡으신거라고 감히 말해볼 수 있겠습니다.\n\nIOT와 백엔드를 할 수 있는 팀원이 필요하다면 연락주세요. 5분 안에 답장드립니다.\n\n','권설','$2a$10$ahqonhZ3PS5fYShuBUgQ9.tXjmwS9oVPjcuPxTO2ro3X2p966MlVS','jpeg','0541126_profile','3116250f6afff9fc1205dd31022ab018','eyJhbGciOiJIUzUxMiJ9.eyJleHAiOjE2MzAwMzQ5Mjh9.KWvm3WpEpFtA1keQokYNzb0iEVldxD6qNIaXPd7nxbQkXWyvvPf-D6mHGnWo1ioCmkhwqOyds4sSzc-vhvI0Mw',1,'0541126',102,1,NULL),(227,'김동욱@ssafy.com','여러분~ 하고싶은거...다해~💋\n\n프로젝트 하시면서 하고싶은거 못하셔서 얼마나 답답하셨나요?😡\n\n저와 프로젝트를 하신다면 저의 뛰어난 FE 개발실력을 통해 확실한 9 to 6 장담해드리겠습니다!😱\n\n완벽한 워라밸!👮 \n\n할땐 하고 쉴땐 쉰다! 💪','김동욱','$2a$10$gkNg14n5/PLFEOS0.04VBeZveVuNZC3uYU7O/VF9/h8ibwu73aAh.','jpeg','0541127_profile','69b2e3cb566326c1306b489e7c9f17c6','eyJhbGciOiJIUzUxMiJ9.eyJleHAiOjE2MzAwMzQ1OTN9.qH-LqoXupHXUQyktVh3quKj8Qd7KEbyFO41g3Tmkz9mIuVD7xXc3yM76Ykburwm4vaFSLorznmEHK3HZR-4iRg',1,'0541127',101,1,NULL),(228,'윤가윤@ssafy.com',NULL,'윤가윤','$2a$10$AvqHUm4vtU.YR3NJGYqtfuWF7URdINt0fp2vwzK3F1jvGr6Exor9C','png','default','c21f969b5f03d33d43e04f8f136e7682',NULL,1,'0541128',101,1,NULL),(229,'박도영@ssafy.com',NULL,'박도영','$2a$10$Y8WEjmZMIL62yGD5V7mxdeOXZlz3sGgTksy6pbD04QYucEFSn0iDe','png','default','c21f969b5f03d33d43e04f8f136e7682',NULL,1,'0541129',101,1,NULL),(230,'신채민@ssafy.com',NULL,'신채민','$2a$10$rI8/lYYV4b0i67dE783FpOjpL3yK8mHCoklh7qqhBEW.dJBym7dbK','png','default','c21f969b5f03d33d43e04f8f136e7682',NULL,1,'0541130',102,1,NULL),(231,'송다솜@ssafy.com',NULL,'송다솜','$2a$10$xObpNWDZrigxIvL0.oBknumz5tDn3Sp6emJLgTdHiSa.xmTd6tjWK','png','default','c21f969b5f03d33d43e04f8f136e7682',NULL,1,'0541131',101,2,NULL),(232,'김민석@ssafy.com',NULL,'김민석','$2a$10$vr853PUAouiQT7xSpcp/jujyfjCOjyWnHeRz/AVzbRsxojrk90LH.','png','default','c21f969b5f03d33d43e04f8f136e7682',NULL,1,'0541132',102,2,NULL),(233,'홍아현@ssafy.com',NULL,'홍아현','$2a$10$FNVZjbT6ZGNuXUCOzGLAmOiO9xp6mx/56F2iUg9pQhM0JBwh8MW6.','png','default','c21f969b5f03d33d43e04f8f136e7682',NULL,1,'0541133',101,2,NULL),(234,'한라온@ssafy.com',NULL,'한라온','$2a$10$/u247JMGo4lnbkWsxl2OoerIZNncZlKbyeFLVFNOi/sydRXxxFDRq','png','default','c21f969b5f03d33d43e04f8f136e7682',NULL,1,'0541134',101,2,NULL),(235,'서서호@ssafy.com',NULL,'서서호','$2a$10$r9mnrzmKWuRX4bESEg7h7.AvKsFTA2Vr765w52QgKkSUMoBhqcNG6','png','default','c21f969b5f03d33d43e04f8f136e7682',NULL,1,'0541135',101,2,NULL),(236,'전우진@ssafy.com',NULL,'전우진','$2a$10$zdIwB0xOb9nV0ouZP5HpuuXuQMaBcA1TCWKjFjiwPOiVTuWxFmhVy','png','default','c21f969b5f03d33d43e04f8f136e7682',NULL,1,'0541136',102,2,NULL),(237,'황성훈@ssafy.com',NULL,'황성훈','$2a$10$YtqmoO/1WQiJlDx/DvBIrOJLV2X3R082EeCs5feb/0M/D8GfD3DlO','png','default','c21f969b5f03d33d43e04f8f136e7682',NULL,1,'0541137',101,2,NULL),(238,'신유빈@ssafy.com',NULL,'신유빈','$2a$10$.D2gRdplhMkhtvHm.sofl./0SKV4A1aNJAbV7/.oAuuDCEJw3ZR3i','png','default','c21f969b5f03d33d43e04f8f136e7682',NULL,1,'0541138',102,2,NULL),(239,'강성우@ssafy.com',NULL,'강성우','$2a$10$OzEPkMOvySdJEJyaJg2o6ucZG7f5aYkNzC5JHK3/lTZKccFfSdqJm','png','default','c21f969b5f03d33d43e04f8f136e7682',NULL,1,'0541139',101,2,NULL),(240,'박유빈@ssafy.com',NULL,'박유빈','$2a$10$kJUhy3WzGGAxKdfJ3WR0qe7V8JV0oFFDYaHCYJMO50vFHWoUbRKCe','png','default','c21f969b5f03d33d43e04f8f136e7682',NULL,1,'0541140',101,2,NULL),(241,'안윤우@ssafy.com',NULL,'안윤우','$2a$10$1qoOjvWGvr94sJQwtSKLzuxvu.4M.RGi5aKozPp4sxzDIOqNeFthe','png','default','c21f969b5f03d33d43e04f8f136e7682',NULL,1,'0541141',101,2,NULL),(242,'안보미@ssafy.com',NULL,'안보미','$2a$10$SoXFVbeorcv8sBFJpwi2yOWkbq/DZGZbEK5qkpc61IfdYJiMc3OX2','png','default','c21f969b5f03d33d43e04f8f136e7682',NULL,1,'0541142',101,2,NULL),(243,'임주연@ssafy.com',NULL,'임주연','$2a$10$F3jpMH01JFSzrIgivzzxuuoIHFbhf4n/vPGMJNql3lUxt.unKAmy2','png','default','c21f969b5f03d33d43e04f8f136e7682',NULL,1,'0541143',101,2,NULL),(244,'박연주@ssafy.com',NULL,'박연주','$2a$10$NXZZzJtx95z2O12YqngT1OIG1vV0ZwAxduwROPiIWnmn4Xw62GAp2','png','default','c21f969b5f03d33d43e04f8f136e7682',NULL,1,'0541144',102,2,NULL),(245,'안지현@ssafy.com',NULL,'안지현','$2a$10$SrZ6cPBnbR7Xh0Ws4msnweJI7BsBnUZYh2BP7AMyWrSHMYD6jq4IG','png','default','c21f969b5f03d33d43e04f8f136e7682',NULL,1,'0541145',102,2,NULL),(246,'홍규원@ssafy.com',NULL,'홍규원','$2a$10$l7jqRVoHm0Y5pliSut.DtOgijC.4sc4M066GF46QwOV3i5Iyj2jJa','png','default','c21f969b5f03d33d43e04f8f136e7682',NULL,1,'0541146',101,2,NULL),(247,'송소이@ssafy.com',NULL,'송소이','$2a$10$ScdEu.Caj50YAWT5Ukk7Qu4MV00kMlyuoC7F8Up6UtLthjaU56oua','png','default','c21f969b5f03d33d43e04f8f136e7682',NULL,1,'0541147',101,2,NULL),(248,'최주하@ssafy.com',NULL,'최주하','$2a$10$ym5iqdDYEftUpD9aHQY9COg3tFGLefknvkCDWEI.Do1IwwbQQYtrW','png','default','c21f969b5f03d33d43e04f8f136e7682',NULL,1,'0541148',102,2,NULL),(249,'조채율@ssafy.com',NULL,'조채율','$2a$10$Uy3xXGGVeVvSiSFI9ukqlOZ4MQISHUnVtA5uRXCRysfMKruK5YGnq','png','default','c21f969b5f03d33d43e04f8f136e7682',NULL,1,'0541149',101,2,NULL),(250,'오설아@ssafy.com',NULL,'오설아','$2a$10$bsDgXdm4zLAJaGEuijsjxeWlQ07Qk.Q9PeM9v7c8ObK.qgtJQ84A.','png','default','c21f969b5f03d33d43e04f8f136e7682',NULL,1,'0541150',102,2,NULL),(251,'송승찬@ssafy.com',NULL,'송승찬','$2a$10$2mLncMv2.jQ3VojY3RRJNOc54WwQEWIR58wz1HkAR3xM2YUctKBk.','png','default','c21f969b5f03d33d43e04f8f136e7682',NULL,1,'0541151',101,2,NULL),(252,'최종현@ssafy.com',NULL,'최종현','$2a$10$XTph6lPGYLwIOd5NlZxwqOe84.Y7ixXoGC/9BIvjT5PS01cfrqHzy','png','default','c21f969b5f03d33d43e04f8f136e7682',NULL,1,'0541152',102,2,NULL),(253,'정윤성@ssafy.com',NULL,'정윤성','$2a$10$52DD5cxsTgqd8AOs.FuAoOEdJiDL1Yd6cUgSSQFylehZVAgX2FpPy','png','default','c21f969b5f03d33d43e04f8f136e7682',NULL,1,'0541153',101,2,NULL),(254,'이미소@ssafy.com',NULL,'이미소','$2a$10$BzdU1g1sGRfE4jlXExCGy.ezqkxIjoDqihIzYlhaBf01RZiphJANq','png','default','c21f969b5f03d33d43e04f8f136e7682',NULL,1,'0541154',102,2,NULL),(255,'권선율@ssafy.com',NULL,'권선율','$2a$10$Ev2QLypEpsiUZda6TvSEX.UfpOCuFP/YNLpqI.6CafXx2Zf/oPecm','png','default','c21f969b5f03d33d43e04f8f136e7682',NULL,1,'0541155',101,2,NULL),(256,'김다민@ssafy.com',NULL,'김다민','$2a$10$UTmA0cJdKdoZy09ES8Xxlehg7haxdI23sB6jfgdVbC8OlJEfY4hEm','png','default','c21f969b5f03d33d43e04f8f136e7682',NULL,1,'0541156',102,2,NULL),(257,'안은솔@ssafy.com',NULL,'안은솔','$2a$10$1Puxiq1ak/2sW4cktE2CZ.MF6WenyJpb1a/iqeA6/F009uT3fY8sC','png','default','c21f969b5f03d33d43e04f8f136e7682',NULL,1,'0541157',101,2,NULL),(258,'장도하@ssafy.com',NULL,'장도하','$2a$10$mliiGxJMMIPPJk2YotxpXuuwoK/9bQ1HzLmNG8HYNXi.1LSQBxybu','png','default','c21f969b5f03d33d43e04f8f136e7682',NULL,1,'0541158',101,2,NULL),(259,'전유빈@ssafy.com',NULL,'전유빈','$2a$10$7T0hxwyxeXN7IgOGE5/iZ.lbDUuxO33NqlFOrKLwLh1xcyajO6E2.','png','default','c21f969b5f03d33d43e04f8f136e7682',NULL,1,'0541159',102,2,NULL),(260,'조하엘@ssafy.com',NULL,'조하엘','$2a$10$Gsar89pDJMIYsMPSw5SMY.3vhcOahQEmz/KOfDdOVUCKZuZ9SgaIi','png','default','c21f969b5f03d33d43e04f8f136e7682',NULL,1,'0541160',102,2,NULL),(261,'신서연@ssafy.com',NULL,'신서연','$2a$10$VAEQ.AieJNZ6SgUNR9Dy6.csIxhi1AIXDkdin9EK90i8TUMSj2/E6','png','default','c21f969b5f03d33d43e04f8f136e7682',NULL,1,'0541161',101,2,NULL),(262,'김현우@ssafy.com',NULL,'김현우','$2a$10$1.m86bkKfWM9.ilqIFaIt.mPrYax8b79R9C2B.LIFTLTckZzj2ZPy','png','default','c21f969b5f03d33d43e04f8f136e7682',NULL,1,'0541162',102,2,NULL),(263,'김민기@ssafy.com',NULL,'김민기','$2a$10$poRXmcPu6bAp3YyWgcJLvOaH4lgtBtw2QkGjKDucObzr2Ug6lCkXa','png','default','c21f969b5f03d33d43e04f8f136e7682',NULL,1,'0541163',101,2,NULL),(264,'홍윤슬@ssafy.com',NULL,'홍윤슬','$2a$10$msbKUbHDI4sCqGivnfAhzOeB5he4ps824z4iCzxMMrpJtBgauyAg6','png','default','c21f969b5f03d33d43e04f8f136e7682',NULL,1,'0541164',101,2,NULL),(265,'임준후@ssafy.com',NULL,'임준후','$2a$10$a29NP/Vd5E0kN2EGMjaAMeE7OidfIQ0qlSPE1b/xN69mEdGJTB/fq','png','default','c21f969b5f03d33d43e04f8f136e7682',NULL,1,'0541165',101,2,NULL),(266,'권혜원@ssafy.com',NULL,'권혜원','$2a$10$oC.du74fyM8bdXQ42zM2Du.Mi0s4MfqgHp.auGFPYQ8fj/VAlFbpq','png','default','c21f969b5f03d33d43e04f8f136e7682',NULL,1,'0541166',102,2,NULL),(267,'장유리@ssafy.com',NULL,'장유리','$2a$10$SHJQaTauz40TPnrJrab2Qe3U2EcmA07.X.ELaSuObUmzR7Vx4bWSm','png','default','c21f969b5f03d33d43e04f8f136e7682',NULL,1,'0541167',101,2,NULL),(268,'강준형@ssafy.com','안녕하세요~✋\n\n백엔드 빡고수~ 강.준.형이라고 해요~😎\n\n저를 안 뽑으신다? 그건 큰일큰일~','강준형','$2a$10$JHHncf3mZrNkQHduHcWox.WYOaIfFfwOy0QqsWJxK4BkTvpxMRNKe','jpeg','0541168_profile','80408bfdd57a56a144910089ef4cb0ab','eyJhbGciOiJIUzUxMiJ9.eyJleHAiOjE2MzAwMjkyNDF9.Ao6_z7QGLqR4iZu31RgGChUEOv6uUgW6yT3PSrte76ldJlbs0LtS6pcjvNKXX6btA_1J8ovYbZoVG0wAIeeBQw',1,'0541168',102,2,NULL),(269,'박주호@ssafy.com',NULL,'박주호','$2a$10$j3mGAsdux0EPoMvjIDnFjetrOIcf346P82.7Imk6mu5V1WzsIU3Ge','png','default','c21f969b5f03d33d43e04f8f136e7682',NULL,1,'0541169',101,2,NULL),(270,'이세인@ssafy.com',NULL,'이세인','$2a$10$jx.BKSZcyFJ6H9nVCWKOTO2QNCom5GNbCFFoIgpOFp8SArSWkk0te','png','default','c21f969b5f03d33d43e04f8f136e7682',NULL,1,'0541170',101,2,NULL),(271,'신강현@ssafy.com',NULL,'신강현','$2a$10$xQSK3Uja41W0053VML.Cd.SRItP31HbJdqkgMytlDtCAOO3DV3rk2','png','default','c21f969b5f03d33d43e04f8f136e7682',NULL,1,'0541171',101,2,NULL),(272,'조도윤@ssafy.com',NULL,'조도윤','$2a$10$7MCbzDI4idinRySiO7HAf.xxuicr9tb4tVshZOun6MiTAXwmDwTpq','png','default','c21f969b5f03d33d43e04f8f136e7682',NULL,1,'0541172',102,2,NULL),(273,'전다현@ssafy.com',NULL,'전다현','$2a$10$Xx03W46bnUYkQf6INMkitO39b90ZMGyFGzOv0HVunvu/RJ59w.9eG','png','default','c21f969b5f03d33d43e04f8f136e7682',NULL,1,'0541173',102,2,NULL),(274,'전도원@ssafy.com',NULL,'전도원','$2a$10$OoLABXRy.wRLWVA8HB9SoODsLebhGlmEShL170YvHzSiz4b/n6q2m','png','default','c21f969b5f03d33d43e04f8f136e7682',NULL,1,'0541174',102,2,NULL),(275,'최태이@ssafy.com',NULL,'최태이','$2a$10$Vbv3/LNq0ylUVz3Q2Q1Jk.7wxxPjYAfU6o.upZ20SkgoIvLCLPTOS','png','default','c21f969b5f03d33d43e04f8f136e7682',NULL,1,'0541175',101,2,NULL),(276,'신보미@ssafy.com',NULL,'신보미','$2a$10$uxU5YHbCvV3n1ipfIaWHyehShBvh9d/xLQDm7z5z3/U0wL/gxEmb6','png','default','c21f969b5f03d33d43e04f8f136e7682',NULL,1,'0541176',101,2,NULL),(277,'박종현@ssafy.com',NULL,'박종현','$2a$10$hgSOPIoOeX49QS2p2X3flegkDU96EcYgRNHdStoyfGyFJAaWMX5ru','png','default','c21f969b5f03d33d43e04f8f136e7682',NULL,1,'0541177',101,2,NULL),(278,'김아름@ssafy.com','\"난 비록 죽으면 잊힐 평범한 사람일지라도 영혼을 바쳐 프로젝트를 했으니 내 인생은 성공한 인생이다.\"\n                                                                     영화 \"노트북\" 中\n\n저도 불같은 프로젝트를 통해 성공한 인생을 살아보고 싶습니다.\n\n저와 같이 온 몸을 불살라 프로젝트를 하실 팀을 구합니다.\n\n24시간 항시 대기 중입니다. 연락주세요.','김아름','$2a$10$AfeN/7fFwd8eUaubtOViF.leOgbPLjl0fHsftFJWgnH3UL0vKvfQ2','jpeg','0541178_profile','3f4f80830917b7c3b3d615e11a2e138f','eyJhbGciOiJIUzUxMiJ9.eyJleHAiOjE2MzAwMzI4MTF9.h3w13Fc6vTAxj4BX6v_cCTTluiVuH5uo3fRGy9p_Qi67-UhTvH5r_qOUCyY5X592Hp8XAGscW63rEB3drfknLQ',1,'0541178',104,2,NULL),(279,'조민아@ssafy.com',NULL,'조민아','$2a$10$QrK1IB1gP.nq1BECKVLon.uP9z/2sVZDLjSzIWOXRns45pcBvqkXe','png','default','c21f969b5f03d33d43e04f8f136e7682',NULL,1,'0541179',101,2,NULL),(280,'권호연@ssafy.com','그렇게...다 가져가야만... 속이 후련했냐..!😭\n\n안녕하세요 모든 걸 가진 풀스택 개발자입니다😎\n\n1️⃣기술력! 개발 초등학생떄부터 해왔습니다 (경력 15년)💻\n2️⃣재치! 저와 있으면 재미 보장!🤣\n3️⃣의사소통! 학생회장, 학회장, 반장 뭐하나 빠진적이 없습니다📢\n\n뭐하나 빠지지 않고 만능인 저를 빠르게 픽업해가세요~👻','권호연','$2a$10$eVTid.OTCXzHB6km4QE4TOobut6fE5PU.E89IMOgtX2RVpvbxDrYi','jpeg','0541180_profile','4421967da5dfc7bb120832f627e84dfd','eyJhbGciOiJIUzUxMiJ9.eyJleHAiOjE2MzAwMzA5Mjl9.Pz9xSNWnWPN68ad6noIo8BQ7qLLS6w5_gLPgM-GKOAwDLv1RGFxE2I1Pf-mKluVzFMF01-zFvRSZeXrWVWQmpA',1,'0541180',103,2,NULL),(281,'홍세진@ssafy.com',NULL,'홍세진','$2a$10$xXPJQNsMJaOU9IK10EHzlOV1BVBCE3RpIbGAF4VQ63GAXBFJTw/Da','png','default','c21f969b5f03d33d43e04f8f136e7682',NULL,1,'0541181',101,2,NULL),(282,'전지환@ssafy.com',NULL,'전지환','$2a$10$4WMr2dYqH7HfMbH9Pl9aIubSQ70HZgoicnm0cqvDSJ1Io/AMmdos.','png','default','c21f969b5f03d33d43e04f8f136e7682',NULL,1,'0541182',101,2,NULL),(283,'황효준@ssafy.com',NULL,'황효준','$2a$10$pbB6xKyDtL0TR6R8uCUTG.P4YRfbb9BIY17R4YhitccIvy8HbDjQO','png','default','c21f969b5f03d33d43e04f8f136e7682',NULL,1,'0541183',101,2,NULL),(284,'홍이든@ssafy.com',NULL,'홍이든','$2a$10$1BEddxm6YgN8GxHy52p1X.pU2cSfBB//9pH2FvjuEy12o7cCHy7Ye','png','default','c21f969b5f03d33d43e04f8f136e7682',NULL,1,'0541184',102,2,NULL),(285,'조다은@ssafy.com',NULL,'조다은','$2a$10$EeKlJjo0BVeDyzNUhdfSiuaLaxJyvovWb40YpRneYKKYGVeKAI5xm','png','default','c21f969b5f03d33d43e04f8f136e7682',NULL,1,'0541185',101,2,NULL),(286,'박유라@ssafy.com',NULL,'박유라','$2a$10$h1dwPHcoIG86uHpAlW/AKeiigK8PGzaJUiak8vLAK3AcHb34UqeYi','png','default','c21f969b5f03d33d43e04f8f136e7682',NULL,1,'0541186',101,2,NULL),(287,'권나윤@ssafy.com','안녕하세요 여러분!✋\n\n저는 블록체인🔐 트랙을 희망하는 BE 개발자입니다\n\n공통 프로젝트 당시에 최우수 팀🏆으로 선정받은 경험이 존재하며\n\n다양한 교외, 교내 공모전🎖을 수상한 경험이 있는 검증된 인재라고 생각합니다\n\n저와 팀이 되신다면 다음을 약속드리겠습니다\n\n1️⃣아이디어? 걱정하실 필요없습니다 번뜩이는 아이디어, 제가 가지고 있습니다\n2️⃣함께 더 높은 곳으로 성장해나가는 느낌을 받게 해드리겠습니다\n3️⃣미친 입담으로 여러분을 즐겁게 해드리겠습니다','권나윤','$2a$10$N8KLCizDug3CvbZFATy1GO2RcGnbUxE38dTtpnvZsIKov3SBT/01K','jpeg','0541187_profile','a8bc5cabab7e3abb64691469fa0c6ac5','eyJhbGciOiJIUzUxMiJ9.eyJleHAiOjE2MzAwMzAzNTd9.ef518rLHzjSQH6e4hNtF_zVAr8V_mbo8xnh5M3L9hxTAkn368YM7eFXRG9uPSRkiGmj_3WXkEFL0gdqI5efpng',1,'0541187',102,2,NULL),(288,'최재우@ssafy.com',NULL,'최재우','$2a$10$w9rXtnVwWpLuVwQNJdQpB.PlUkw4vYQXRJ4SA8.KSOj.VTUPlUJX2','png','default','c21f969b5f03d33d43e04f8f136e7682',NULL,1,'0541188',101,2,NULL),(289,'홍서호@ssafy.com',NULL,'홍서호','$2a$10$fo5RDexEPbuTj.3JBNvLEOENutkYbBO5H.Ag7sfQTN2/dikDSv9Mm','png','default','c21f969b5f03d33d43e04f8f136e7682',NULL,1,'0541189',101,2,NULL),(290,'최승유@ssafy.com',NULL,'최승유','$2a$10$oD8Rrt2BVpv589wshfmUMu1eT8mayBAY2j0u7hw8rztxq9VyWl0Fm','png','default','c21f969b5f03d33d43e04f8f136e7682',NULL,1,'0541190',102,2,NULL),(291,'한주영@ssafy.com',NULL,'한주영','$2a$10$pXzHreQfSJ40OQe1.JyJh.stAakulfHR8ToVNnFxrhEoEQ1X8fqYa','png','default','c21f969b5f03d33d43e04f8f136e7682',NULL,1,'0541191',101,2,NULL),(292,'송태율@ssafy.com',NULL,'송태율','$2a$10$ZU9NLYEvpy3pobASlA5H/uFAcZzsuyJPrVGNXLNN9HWgvlHy4PaH2','png','default','c21f969b5f03d33d43e04f8f136e7682',NULL,1,'0541192',102,2,NULL),(293,'송유하@ssafy.com',NULL,'송유하','$2a$10$r2fos9jMoHXJdu9jVcYw5ejeRlyOND2.MM50J4m3Hxy9cN5LwXJMq','png','default','c21f969b5f03d33d43e04f8f136e7682',NULL,1,'0541193',101,2,NULL),(294,'임가연@ssafy.com',NULL,'임가연','$2a$10$Ejytl72FutFejAJuMWdX7e4OOxsWbkf8wLhRPhHggyQK0nNDH4p/G','png','default','c21f969b5f03d33d43e04f8f136e7682',NULL,1,'0541194',102,2,NULL),(295,'강하진@ssafy.com',NULL,'강하진','$2a$10$NXOhwRdgNef2F.8oIMF/bO0sZNjTuaU0OffKAjhhBDP73wP43ocGe','png','default','c21f969b5f03d33d43e04f8f136e7682',NULL,1,'0541195',101,2,NULL),(296,'임하영@ssafy.com',NULL,'임하영','$2a$10$hA/CtwOcWMvWzfpLwHvzDOBHDFgr9apTQ2K5daHyIw48jqQ8KY0.2','png','default','c21f969b5f03d33d43e04f8f136e7682',NULL,1,'0541196',102,2,NULL),(297,'송영준@ssafy.com',NULL,'송영준','$2a$10$LmW0PTWPaXjrz48k.GgneOBa1WT9tnb0s25n46MSk3owlxPCVDSki','png','default','c21f969b5f03d33d43e04f8f136e7682',NULL,1,'0541197',101,2,NULL),(298,'강가영@ssafy.com','안녕하세요~☺️\n\n더이상 백엔드 개발자 찾아다니는거 멈춰!!✋✋\n\nJava, Node.js, Python 다양한 백엔드 언어를 섭렵했을뿐 아니라\nVue.js도 찍먹 해봤기때문에 풀스택 개발자로 다뤄주셔도 좋아요!!🔥\n\n✨더이상 인재 찾아다니시지 말고 저를 Pick!! 해주세요!!✨','강가영','$2a$10$JSMPWWVgh.2alVC7oWWG.eKrQ6PWXXXtw35vCSs6DPU7WeX54siOm','jpeg','0541198_profile','de02aa1cc3cc7ed13b5d59581cf978fd','eyJhbGciOiJIUzUxMiJ9.eyJleHAiOjE2MzAwMjUzOTh9.x9ZU9BhFGHG92idR9EXFLLU9Yr6NJX9K92hqDVVHkMz2AhRAuh5omgTIYvMELPoiq99nPGcZ1NNKRl0uqhOehw',1,'0541198',103,2,NULL),(299,'전예준@ssafy.com',NULL,'전예준','$2a$10$ghD2GAalhOcVCYZBfGnGh.9uTXs9Vc2jk/xm9IuBJtmESpfX4kK5O','png','default','c21f969b5f03d33d43e04f8f136e7682',NULL,1,'0541199',101,2,NULL),(300,'서수인@ssafy.com',NULL,'서수인','$2a$10$5VubqQCLRka0474POJdJZeXjzAWBvKHGGE0Mu4FYLWJ4bQIRm/AM6','png','default','c21f969b5f03d33d43e04f8f136e7682',NULL,1,'0541200',101,2,NULL),(301,'한선율@ssafy.com',NULL,'한선율','$2a$10$ZAj7Rsf.O33xZTFo1uvlxea03CR27B/TwYqvofK7/Jacg1mZtcIwO','png','default','c21f969b5f03d33d43e04f8f136e7682',NULL,1,'0511001',102,1,NULL),(302,'김재훈@ssafy.com',NULL,'김재훈','$2a$10$2XO6NEosZSkcd3pV7b8mY.Vig.z8Ll1aPoGLaG2wRvUJRIn4Kboxe','png','default','c21f969b5f03d33d43e04f8f136e7682',NULL,1,'0511002',102,1,NULL),(303,'한주완@ssafy.com',NULL,'한주완','$2a$10$L8E.bO6FQMO1sLtBcjw79uzsGSPGFBmzaAzreYVcsR/zS6Zhmu9Re','png','default','c21f969b5f03d33d43e04f8f136e7682',NULL,1,'0511003',101,1,NULL),(304,'전아연@ssafy.com',NULL,'전아연','$2a$10$.b9dNzeUFKS4ynL04wBTnem0czxyjjplzc6AnzpkXe0rkuCChHtEC','png','default','c21f969b5f03d33d43e04f8f136e7682',NULL,1,'0511004',102,1,NULL),(305,'권연서@ssafy.com',NULL,'권연서','$2a$10$vMgs2WFH68PVuD0G2dlq/.nqrwu5oEjMjG54vTkML/lM8.ZvIBeZG','png','default','c21f969b5f03d33d43e04f8f136e7682',NULL,1,'0511005',101,1,NULL),(306,'황다희@ssafy.com',NULL,'황다희','$2a$10$aT.Yf.WZ0Y5rdayeqQZkl.MH43EpnVSkEZTFynv6sy6ksSuTLDu72','png','default','c21f969b5f03d33d43e04f8f136e7682',NULL,1,'0511006',101,1,NULL),(307,'권민석@ssafy.com',NULL,'권민석','$2a$10$IWEqIESJfiNDjJ/0VdGa3OpAdJk9rEQsDPAHrKma0EU0sgUOssmIK','png','default','c21f969b5f03d33d43e04f8f136e7682',NULL,1,'0511007',101,1,NULL),(308,'임채아@ssafy.com',NULL,'임채아','$2a$10$wDZlHmpXoCtw99GxYgDCme9t.5amUe3GXz2z.XGUifjUbjYvWDDLe','png','default','c21f969b5f03d33d43e04f8f136e7682',NULL,1,'0511008',101,1,NULL),(309,'황민경@ssafy.com',NULL,'황민경','$2a$10$VvIavnDqcTKWXVdpLYMOOuv8m8vg4q1JAT8wQS96aZik45CQFMGAu','png','default','c21f969b5f03d33d43e04f8f136e7682',NULL,1,'0511009',101,1,NULL),(310,'홍단아@ssafy.com',NULL,'홍단아','$2a$10$/VthVSCzq9lQ6ZF.WjOI2.N3d2ZurtiU1RpAXW4MPpqoy937kLuvG','png','default','c21f969b5f03d33d43e04f8f136e7682',NULL,1,'0511010',102,1,NULL),(311,'안주영@ssafy.com',NULL,'안주영','$2a$10$3OeV80DPd4UQvqJfIUuNFOjreW0m8zfwAFplqp5gM7OYQTZ/eAvji','png','default','c21f969b5f03d33d43e04f8f136e7682',NULL,1,'0511011',101,1,NULL),(312,'안다은@ssafy.com',NULL,'안다은','$2a$10$qi.EULyiVsQnkguh5COdYO4UZAQ50b3V6jqOcooJzZ02YCSRfcLia','png','default','c21f969b5f03d33d43e04f8f136e7682',NULL,1,'0511012',101,1,NULL),(313,'권리아@ssafy.com',NULL,'권리아','$2a$10$bsXJzxJuqZ0rrwFv6JEhn.eL.uu.JrQ6VnseISrbs9L9D3F8AkpD2','png','default','c21f969b5f03d33d43e04f8f136e7682',NULL,1,'0511013',101,1,NULL),(314,'권재영@ssafy.com',NULL,'권재영','$2a$10$hx2AgjsuogsWd6NlycmmPOusSNwDJmtiIhBPFLjV7mcraacanKWYy','png','default','c21f969b5f03d33d43e04f8f136e7682',NULL,1,'0511014',102,1,NULL),(315,'전윤진@ssafy.com',NULL,'전윤진','$2a$10$wu51JbrI6fjitZarAzq5Xeds4LZ/9k6fYSWMsZSxOIm363WxfR1CS','png','default','c21f969b5f03d33d43e04f8f136e7682',NULL,1,'0511015',102,1,NULL),(316,'황준영@ssafy.com',NULL,'황준영','$2a$10$KlnoxuPf0pFKmgHuNS9XkuY4eWqFL/r1sUOS4iuriaZZwrxq0nPGy','png','default','c21f969b5f03d33d43e04f8f136e7682',NULL,1,'0511016',102,1,NULL),(317,'임승윤@ssafy.com',NULL,'임승윤','$2a$10$qDegvZXQpubjVD/4t2q3XeLJw/lKecySJNys0.C4J1Foz0LIG5Fsa','png','default','c21f969b5f03d33d43e04f8f136e7682',NULL,1,'0511017',101,1,NULL),(318,'권가연@ssafy.com',NULL,'권가연','$2a$10$8y0Pj02qMJmP4sAt0ODVHeqdxqfQCX/8bITjeMxPCi7v5AV24HspK','png','default','c21f969b5f03d33d43e04f8f136e7682',NULL,1,'0511018',101,1,NULL),(319,'송성원@ssafy.com',NULL,'송성원','$2a$10$I5b6o5GivkRR/Ff32gsl8OKBtOjxCnSyEay7plSR1KyNy3ReNB27a','png','default','c21f969b5f03d33d43e04f8f136e7682',NULL,1,'0511019',101,1,NULL),(320,'안하진@ssafy.com',NULL,'안하진','$2a$10$8SwUblWTs07n8SnPYigB8.6rI72y163DoJbs3i3WMXRpMf5FACCei','png','default','c21f969b5f03d33d43e04f8f136e7682',NULL,1,'0511020',102,1,NULL),(321,'송동건@ssafy.com',NULL,'송동건','$2a$10$427OGpyZzweRz0KKUMsJmOjEmrAFb2ENMNjAevzf9XnQ0f0.YVAba','png','default','c21f969b5f03d33d43e04f8f136e7682',NULL,1,'0511021',101,2,NULL),(322,'윤수호@ssafy.com',NULL,'윤수호','$2a$10$1GmboAK2nSvlPcO02clCFeIKB255O0Ryg9M8/gKafnWben26mLhAO','png','default','c21f969b5f03d33d43e04f8f136e7682',NULL,1,'0511022',102,2,NULL),(323,'조연호@ssafy.com',NULL,'조연호','$2a$10$iYEhP8QXphGCNucHaUP0muioiUoPNkACy2sX4uwsxnxs5GGNl9odS','png','default','c21f969b5f03d33d43e04f8f136e7682',NULL,1,'0511023',101,2,NULL),(324,'한현진@ssafy.com',NULL,'한현진','$2a$10$Bh3udj2eRZ30UWet7FTXCeG5/1qyU1eEMitZkpiZZqjIPv9s3FZJW','png','default','c21f969b5f03d33d43e04f8f136e7682',NULL,1,'0511024',101,2,NULL),(325,'정지후@ssafy.com',NULL,'정지후','$2a$10$s/CtxPcITo2kAPWYIMS3VO6XjDKpyWHS.0TBhG7ByZAPEWDbDB1Ky','png','default','c21f969b5f03d33d43e04f8f136e7682',NULL,1,'0511025',101,2,NULL),(326,'김현아@ssafy.com',NULL,'김현아','$2a$10$vTeyEe.jgFZtUv/sci4mXOD9m/0bEk.jSlpeez5hIfjxJ3KUq4wuu','png','default','c21f969b5f03d33d43e04f8f136e7682',NULL,1,'0511026',102,2,NULL),(327,'임도은@ssafy.com',NULL,'임도은','$2a$10$m23/RSIfCIYnA.73ge5IruL6TTXlGMjMNBs8pExqp9uBvbfqTSI8q','png','default','c21f969b5f03d33d43e04f8f136e7682',NULL,1,'0511027',101,2,NULL),(328,'정예인@ssafy.com',NULL,'정예인','$2a$10$Z14els10axrKwe4FXLbLx.08HkHx9Fj7Rcr6663eSgrjLTVNiyzE2','png','default','c21f969b5f03d33d43e04f8f136e7682',NULL,1,'0511028',102,2,NULL),(329,'박한결@ssafy.com',NULL,'박한결','$2a$10$3pAlbPvAOIuNxZstjAgDHeKZZ.t8YURb1qij0MAO20HmsLiSmM9XW','png','default','c21f969b5f03d33d43e04f8f136e7682',NULL,1,'0511029',102,2,NULL),(330,'안다영@ssafy.com',NULL,'안다영','$2a$10$0ie03iBsfn3DUWB5PRIao.KL3dJewBdFQRGN/3VCdRUi5Tl/cJoPq','png','default','c21f969b5f03d33d43e04f8f136e7682',NULL,1,'0511030',101,2,NULL),(331,'송원준@ssafy.com',NULL,'송원준','$2a$10$BzSr92HoXmJ28JRkv29.1Oz8feZ6gCqOYlT4EqstWfRlefl/rbDpy','png','default','c21f969b5f03d33d43e04f8f136e7682',NULL,1,'0521001',101,1,NULL),(332,'김주현@ssafy.com',NULL,'김주현','$2a$10$DvRYUVOrX1TEkZ607bczCe1INvgINhIluyAdqPwK9JJT/2Um85CTS','png','default','c21f969b5f03d33d43e04f8f136e7682',NULL,1,'0521002',102,1,NULL),(333,'박지인@ssafy.com',NULL,'박지인','$2a$10$lotsql3nJkJuEn0YL4hUZO5raPbL5LxmSMnTMaTYGqIWo97CbvSP6','png','default','c21f969b5f03d33d43e04f8f136e7682',NULL,1,'0521003',101,1,NULL),(334,'박봄@ssafy.com',NULL,'박봄','$2a$10$PVebkctX1A9ZmEC2YWcq.uEwjwqyw5dM1SVqvZDTI0tTaE4yXTFg.','png','default','c21f969b5f03d33d43e04f8f136e7682',NULL,1,'0521004',102,1,NULL),(335,'임하준@ssafy.com',NULL,'임하준','$2a$10$nHH9k7d1vvMNgi4IHP9PhOxAnyM7MtbFDTNDcVBArIubXa29rpsWq','png','default','c21f969b5f03d33d43e04f8f136e7682',NULL,1,'0521005',101,1,NULL),(336,'강지연@ssafy.com','후후후. 제 양손이 날뛰고 싶어서 근질거리는군요.🦕\n\n이 양손을 잠재워주실 팀 구합니다...\n\n저는 백엔드를 희망하고 있고, 프론트엔드도 시키면 할 수 있어요\n\n하지만, 제 👐양손은 백엔드를 더 원하고 있네요','강지연','$2a$10$a.XL5BNkLFsEVqHVbXNxqO8z7pBVW3WKbMvx7uqg1aKhofYpGaeny','jpeg','0521006_profile','3e1a2b3a0740c15c78a8d2953f978fd0','eyJhbGciOiJIUzUxMiJ9.eyJleHAiOjE2MzAwMjk2MTF9.qiIo1_0Xvap1VOS_LbWE7ggJwx0kf0rSHUdvO36IocIuvkdqSI3kMgCCHGMV0aXOwpSYk4NsxUZKJuUgHidTIQ',1,'0521006',102,1,NULL),(337,'송은혁@ssafy.com',NULL,'송은혁','$2a$10$/AdY9YVaSCaxdD9v706o9exWfLvjqNT/ikr6gOfF4flMwbYxJL7FG','png','default','c21f969b5f03d33d43e04f8f136e7682',NULL,1,'0521007',101,1,NULL),(338,'한가윤@ssafy.com',NULL,'한가윤','$2a$10$Xn3ZcmGzMXHteehzd1FLhevq5iZ6qFJG/546ZYiyWz78.EEVFjeia','png','default','c21f969b5f03d33d43e04f8f136e7682',NULL,1,'0521008',102,1,NULL),(339,'윤정윤@ssafy.com',NULL,'윤정윤','$2a$10$BQIgVHcwGhM9jezPeqtxb.Tvb2jDv.4bIv.FzV6ZZIVYSsSVQMRfm','png','default','c21f969b5f03d33d43e04f8f136e7682',NULL,1,'0521009',101,1,NULL),(340,'송시영@ssafy.com',NULL,'송시영','$2a$10$beSwVjivKWa60ONOp/A9lOIwX3uoHDvNlVuUbcfTQuJvBXGVc2cW.','png','default','c21f969b5f03d33d43e04f8f136e7682',NULL,1,'0521010',102,1,NULL),(341,'강소율@ssafy.com','💸💸도지💸💸의 맛을 알게 되면서 블록체인 기술에 관심을 가지게 되었습니다.\n\n블록체인 분야의 프로젝트를 충실히 하여 블록체인을 학습하고 이해해보고 싶습니다.(블록체인의 마음을 이해하게 된다면 날아간 제 돈도 돌아오지 않을까요?)\n\n저는 도지 친구처럼 들쑥날쑥하지 않습니다. 꾸준히 또 열심히 할 자신이 있습니다😃\n\n팀장님들의 많은 연락 기다리겠습니다.\n','강소율','$2a$10$XjuG1aDOd98fYV6MfN/xr.48JV0paPhq/gRrSksCfkK9LJj/6oOQu','jpeg','0521011_profile','9d33b446738fa24346a9a85687061f43','eyJhbGciOiJIUzUxMiJ9.eyJleHAiOjE2MzAwMzQ4NTR9.35ZVsTShk7CZomssVzuzEwDpD_zXcFRGzVilfokR2klWrutyrVswBjBWVdw0ctKGnlak5auCRS6m-IrWYX2rKg',1,'0521011',103,1,NULL),(342,'황세준@ssafy.com',NULL,'황세준','$2a$10$JhtkXRPZyCNhnbvQHqlZfOd5j/.ag.ustAsgvHybrXnbQHacrrK1y','png','default','c21f969b5f03d33d43e04f8f136e7682',NULL,1,'0521012',101,1,NULL),(343,'송채윤@ssafy.com',NULL,'송채윤','$2a$10$qLLGt032GhEefgE7pmsbZuoGmtUoIzJoTYV1j2XrTGjhZbYWmvBpC','png','default','c21f969b5f03d33d43e04f8f136e7682',NULL,1,'0521013',102,1,NULL),(344,'주지현@ssafy.com',NULL,'주지현','$2a$10$E6F2hkX0bnY7707jgSpfLes5VGbJBL2ZuPtcQEuQ5L67U5jS1u08y','png','default','c21f969b5f03d33d43e04f8f136e7682',NULL,1,'0521014',102,1,NULL),(345,'정라온@ssafy.com',NULL,'정라온','$2a$10$QNhOPC2.kHRj.AaIEZa5o.9zFcQbU6R/P4eT67EgZOQJ/J3K3NmnW','png','default','c21f969b5f03d33d43e04f8f136e7682',NULL,1,'0521015',101,1,NULL),(346,'강서아@ssafy.com','돌하르방처럼 우직한 프론트 개발자 강서아 입니다.\n\n🥇🥈🥉 다수의 수상 경험이 있으며, 프론트 분야에서만큼은 깊은 지식을 보유하고 있습니다.\n\n또한, dapp을 개발하여 운영해본 경험이 있기 때문에 블록체인 전반에서 많은 지식을 겸비하고 있습니다.\n\n프로젝트 기간에는 프로젝트에만 집중해서 진행해나갈 팀에 들어가고 싶습니다.','강서아','$2a$10$lcR3F4CphBrgTdqrRHPRmufJ6OTGjMnM8VQYH7/EYbwunlxhnVsjC','jpeg','0521016_profile','30ea353b3bb8acb9b65efeaac299df15','eyJhbGciOiJIUzUxMiJ9.eyJleHAiOjE2MzAwNDU4NzN9.LETsmhFMhhgXHb7jL5kHa7f3N0nY5glp0aEuWW-L_PXhCiy330Wl46mqHz_57NvtNnSxEhfPLZrM3j4m5XasPA',1,'0521016',101,1,NULL),(347,'윤다율@ssafy.com',NULL,'윤다율','$2a$10$3u6wIKgLQRIvxvgEJFw9buPFT5KVXIplI7rrqNv0mAsWaYLyo6pmK','png','default','c21f969b5f03d33d43e04f8f136e7682',NULL,1,'0521017',101,1,NULL),(348,'황승빈@ssafy.com',NULL,'황승빈','$2a$10$MSxOTsXjVa/IFQpCE8zx8eFSd/fD/3HdwSlMsmsKX2qweC1IpHbz2','png','default','c21f969b5f03d33d43e04f8f136e7682',NULL,1,'0521018',101,1,NULL),(349,'권준성@ssafy.com',NULL,'권준성','$2a$10$FpBD/Kpk2Sg6x1bMOr8V/OkKTLuG5.G04kGD56MBXHvzRvH2cPgaa','png','default','c21f969b5f03d33d43e04f8f136e7682',NULL,1,'0521019',101,1,NULL),(350,'강세빈@ssafy.com',NULL,'강세빈','$2a$10$9swViw60jPg52Jnhq5rY4ekfTBBnF/Mun8DueBjQeSs2k/A6vk2/C','png','default','c21f969b5f03d33d43e04f8f136e7682',NULL,1,'0521020',102,1,NULL),(351,'조규현@ssafy.com',NULL,'조규현','$2a$10$JknNMexAEx8dbwVHF9qpJedXWaw1Yz0dlSxJEl/uJPA78yACHApD2','png','default','c21f969b5f03d33d43e04f8f136e7682',NULL,1,'0521021',101,2,NULL),(352,'오희원@ssafy.com',NULL,'오희원','$2a$10$YG/PCvtFphxFb5/LZ8rie.EBy51MZMOlfiP7zmiSZ3suPI1zIxAHq','png','default','c21f969b5f03d33d43e04f8f136e7682',NULL,1,'0521022',101,2,NULL),(353,'안혜진@ssafy.com',NULL,'안혜진','$2a$10$xSwGSlHTUi9XLFq2iNxjY.6eEcG7Iv.jmu4FV9mN4UjS7lV/yLWvG','png','default','c21f969b5f03d33d43e04f8f136e7682',NULL,1,'0521023',101,2,NULL),(354,'송유리@ssafy.com',NULL,'송유리','$2a$10$DSVOoRWlCfTObk8nmCxez.4RoLZ2nnq1IsEaZQIMCyGI7dNfVWw4W','png','default','c21f969b5f03d33d43e04f8f136e7682',NULL,1,'0521024',101,2,NULL),(355,'임유나@ssafy.com',NULL,'임유나','$2a$10$7ZNHnZpkMmQZNgPjFvxcM.kfAjjWipMpdDZuGrcT2iNu68kinKmpa','png','default','c21f969b5f03d33d43e04f8f136e7682',NULL,1,'0521025',101,2,NULL),(356,'김은별@ssafy.com',NULL,'김은별','$2a$10$hD5wvqcTJ4TCFNruY4SXdeofoREQHEgLxK.GWP6trVlUkkOf6Xqnu','png','default','c21f969b5f03d33d43e04f8f136e7682',NULL,1,'0521026',102,2,NULL),(357,'송서아@ssafy.com',NULL,'송서아','$2a$10$.J3yRiZmb7ldbtlgeCCQReDRqF1YH7NWf8dOhs5.19EnrjrcI.HZy','png','default','c21f969b5f03d33d43e04f8f136e7682',NULL,1,'0521027',102,2,NULL),(358,'최민우@ssafy.com',NULL,'최민우','$2a$10$CFLc/B/c80E5xvSdsE1uE.TzEm6DNGf7czPOKnxGCRAJ9tA3kloyy','png','default','c21f969b5f03d33d43e04f8f136e7682',NULL,1,'0521028',102,2,NULL),(359,'한은혜@ssafy.com',NULL,'한은혜','$2a$10$xnTY/dbw0CdXQ94hBwNj8OHza6pOIW9YZb2lnCL/p/qobd/my9NLa','png','default','c21f969b5f03d33d43e04f8f136e7682',NULL,1,'0521029',101,2,NULL),(360,'윤은빈@ssafy.com',NULL,'윤은빈','$2a$10$rL5y/ZB3h3nfCaUfWTUIi.DXv2NPsTzSv8gpriyZDvYwgMKv9OEli','png','default','c21f969b5f03d33d43e04f8f136e7682',NULL,1,'0521030',101,2,NULL),(361,'홍준석@ssafy.com',NULL,'홍준석','$2a$10$J5NJJHQV7kyIFQexq2clm.ymMKkSB/VnHJlJctB8BDO6GA2HdqpEK','png','default','c21f969b5f03d33d43e04f8f136e7682',NULL,1,'0531001',101,1,NULL),(362,'황재하@ssafy.com',NULL,'황재하','$2a$10$BwwoVSOtOKOh73EcMAcYnOos.6rTiI2vgBC4qi5.PSNwDDDBDoolW','png','default','c21f969b5f03d33d43e04f8f136e7682',NULL,1,'0531002',102,1,NULL),(363,'서정민@ssafy.com',NULL,'서정민','$2a$10$sZYTNiIep4fPoLeQu4Q9yuzXNAUZuKAnpcFfW8NT07no8TxplN1YW','png','default','c21f969b5f03d33d43e04f8f136e7682',NULL,1,'0531003',101,1,NULL),(364,'이태영@ssafy.com',NULL,'이태영','$2a$10$ngc6R944urcDaG3kkm29v.SAF1Gndlz0/4qJCI3xs2H0Uo4.9DTRa','png','default','c21f969b5f03d33d43e04f8f136e7682',NULL,1,'0531004',102,1,NULL),(365,'장영준@ssafy.com',NULL,'장영준','$2a$10$VdEqdGlUtL1uOMCdscPDB.SZasFa5eVCJRKC/7r1OWdAw66aicSqW','png','default','c21f969b5f03d33d43e04f8f136e7682',NULL,1,'0531005',101,1,NULL),(366,'이선율@ssafy.com',NULL,'이선율','$2a$10$ztMhg6IyHYjbEk5OVBWAF.bG4o7yPSnWFa27l1uV78qmnS4ZciyFa','png','default','c21f969b5f03d33d43e04f8f136e7682',NULL,1,'0531006',101,1,NULL),(367,'오성민@ssafy.com',NULL,'오성민','$2a$10$OUlksJKgSIWWVJ2ljizMieMCdgT3rf79hwLQ361zimOlYAuQMPug6','png','default','c21f969b5f03d33d43e04f8f136e7682',NULL,1,'0531007',101,1,NULL),(368,'윤소은@ssafy.com',NULL,'윤소은','$2a$10$dZLXgO6gaNXah.S4WhedZu3kWeNrMKoe43v/thEQfNvrQRwut37XC','png','default','c21f969b5f03d33d43e04f8f136e7682',NULL,1,'0531008',102,1,NULL),(369,'서진혁@ssafy.com',NULL,'서진혁','$2a$10$36Gt2CvgI8XOsYcWWMLkpuztbyh6cUF4abl9jUWYRhh/xg0KVSBBa','png','default','c21f969b5f03d33d43e04f8f136e7682',NULL,1,'0531009',101,1,NULL),(370,'송은빈@ssafy.com',NULL,'송은빈','$2a$10$xx7lUp0/zZiRdmoKDsOPRuCn/9fAxUe2cvaMkxki5ms8JqV8qYVQS','png','default','c21f969b5f03d33d43e04f8f136e7682',NULL,1,'0531010',102,1,NULL),(371,'윤준석@ssafy.com',NULL,'윤준석','$2a$10$Ij3mp4p0D7Ib4.ZFyLMq4ekYtAZrSteC9kIc36nTxsAZH9gkOQfjS','png','default','c21f969b5f03d33d43e04f8f136e7682',NULL,1,'0531011',102,1,NULL),(372,'임민정@ssafy.com',NULL,'임민정','$2a$10$L5m/2TfhXGYCb.XgGt2ib.NYidYuruDrSExjOiG9FOuk//fICcXTy','png','default','c21f969b5f03d33d43e04f8f136e7682',NULL,1,'0531012',101,1,NULL),(373,'오서준@ssafy.com',NULL,'오서준','$2a$10$TaHrMXkm5Swqh963ZixNGuRrDPK/GvRXspLqZ3EzwpjXzNBNrC5RO','png','default','c21f969b5f03d33d43e04f8f136e7682',NULL,1,'0531013',101,1,NULL),(374,'오세진@ssafy.com',NULL,'오세진','$2a$10$gS7er.Mnjdk/7Pydfys0.uBvj63bketnEEOf2sFJqPSsZ7gSP/uh.','png','default','c21f969b5f03d33d43e04f8f136e7682',NULL,1,'0531014',101,1,NULL),(375,'최가을@ssafy.com',NULL,'최가을','$2a$10$7f7QBXilOay9fSn7czhM7eMlFukX0eRmrk1DZGUeZ7YH7WO5ZFoNK','png','default','c21f969b5f03d33d43e04f8f136e7682',NULL,1,'0531015',101,1,NULL),(376,'박성윤@ssafy.com',NULL,'박성윤','$2a$10$upH9ZnL8mnY4UmdUGsgDE.X9Hq26Di5W4qGLCKlxH/jXnr80aYLFu','png','default','c21f969b5f03d33d43e04f8f136e7682',NULL,1,'0531016',102,1,NULL),(377,'안예린@ssafy.com',NULL,'안예린','$2a$10$jddQcau.JV0vgdpCNXuB3.cxvvwOdyk1965.Iy8VoHPXjKTQzkY7S','png','default','c21f969b5f03d33d43e04f8f136e7682',NULL,1,'0531017',101,1,NULL),(378,'홍나연@ssafy.com',NULL,'홍나연','$2a$10$VULLKhBhzQ4wqmEBOgPh2uVpCxngeDTZZ44ch/JC1sKXhxsf1ibS6','png','default','c21f969b5f03d33d43e04f8f136e7682',NULL,1,'0531018',102,1,NULL),(379,'전우주@ssafy.com',NULL,'전우주','$2a$10$VLgK0fe3QW7n8Mwy25jlQeszI72Hnthscmxj0P.kC9o6Uzu3SAc9G','png','default','c21f969b5f03d33d43e04f8f136e7682',NULL,1,'0531019',101,1,NULL),(380,'안예원@ssafy.com',NULL,'안예원','$2a$10$vbjJ/pu1fseECrlGM208Tuk/v9Ue72GoZriB8BaKoHZ2NVu2LBLUu','png','default','c21f969b5f03d33d43e04f8f136e7682',NULL,1,'0531020',102,1,NULL),(381,'박준희@ssafy.com',NULL,'박준희','$2a$10$u9c/Sx4H2vHrr3Resbds8uMR2EjbEyWDQ1he34MAuiR5zNB2F.sd2','png','default','c21f969b5f03d33d43e04f8f136e7682',NULL,1,'0531021',101,1,NULL),(382,'송윤아@ssafy.com',NULL,'송윤아','$2a$10$ayeOBrzqC3TB4iHxUdfh5.W17A3XTZDt/AOnguyE8GIKVwyTl1WZ2','png','default','c21f969b5f03d33d43e04f8f136e7682',NULL,1,'0531022',102,1,NULL),(383,'장정후@ssafy.com',NULL,'장정후','$2a$10$RNqOceSRRPIfULsFLpaZ8eTYJ.WpiHAD2rtacJzNE67voMFILvuAm','png','default','c21f969b5f03d33d43e04f8f136e7682',NULL,1,'0531023',101,1,NULL),(384,'서진영@ssafy.com',NULL,'서진영','$2a$10$3vviWW8bN7NMHbbL7T1qPu9CQMsyd.6DeVzw1DcnqTMXoQyPiiGo2','png','default','c21f969b5f03d33d43e04f8f136e7682',NULL,1,'0531024',101,1,NULL),(385,'박윤후@ssafy.com',NULL,'박윤후','$2a$10$KS2YDiOxNYjsRB9xozO2TutKFuIEpQckTu.4BGSs94x3AOovx9IJO','png','default','c21f969b5f03d33d43e04f8f136e7682',NULL,1,'0531025',101,1,NULL),(386,'서미소@ssafy.com',NULL,'서미소','$2a$10$/OuIvwX5AuLRnJjnsd.jPu7PHCbzVazzVvJSyq4DnPmhpGUUvcUJW','png','default','c21f969b5f03d33d43e04f8f136e7682',NULL,1,'0531026',102,1,NULL),(387,'이나율@ssafy.com',NULL,'이나율','$2a$10$4ajHZmaiAlJeKyUFCd5euej/0ZGt/WZNGIKTYi4lPBWATR8dQIKm.','png','default','c21f969b5f03d33d43e04f8f136e7682',NULL,1,'0531027',101,2,NULL),(388,'서예린@ssafy.com',NULL,'서예린','$2a$10$gNHC8hnOYd18gWCgwj.TuOLo5PvFuIAq0xoOsW9dVVEKV7GZ8cu0S','png','default','c21f969b5f03d33d43e04f8f136e7682',NULL,1,'0531028',102,2,NULL),(389,'서윤@ssafy.com',NULL,'서윤','$2a$10$RDLxDbnR/RE5kkhN44zSUOiePzsSW4t3Jxs3C9hiPRQLKj/kFwdOK','png','default','c21f969b5f03d33d43e04f8f136e7682',NULL,1,'0531029',101,2,NULL),(390,'윤라엘@ssafy.com',NULL,'윤라엘','$2a$10$RUMCXG0KPgJv5jmOUCCMp.ASyTgHx7ZvcIQH3JipTIkRuZncJfzuO','png','default','c21f969b5f03d33d43e04f8f136e7682',NULL,1,'0531030',101,2,NULL),(391,'송수정@ssafy.com',NULL,'송수정','$2a$10$xqByU9RsaLtgQS9QLNu7DegYgK9pAmYOwhfR.aIqPOszCVwXGZ7SS','png','default','c21f969b5f03d33d43e04f8f136e7682',NULL,1,'0531031',101,2,NULL),(392,'신시연@ssafy.com',NULL,'신시연','$2a$10$PG3vbtaBdkxhsNIx6S7Yo.iS.P1MxESrh/FEo6wgcm1ldCrN7/Bq2','png','default','c21f969b5f03d33d43e04f8f136e7682',NULL,1,'0531032',102,2,NULL),(393,'한준희@ssafy.com',NULL,'한준희','$2a$10$MxtRQ2h0LAMQHaYN9ck.WOugsVvOyoptB.QKxPpXTA.DkkBqu8Wzq','png','default','c21f969b5f03d33d43e04f8f136e7682',NULL,1,'0531033',101,2,NULL),(394,'조예담@ssafy.com',NULL,'조예담','$2a$10$N0sUPhrKSjmzhYThHXRaR.pJCUpD4NVx8IwP5kSeFgj0NRg3wnIuC','png','default','c21f969b5f03d33d43e04f8f136e7682',NULL,1,'0531034',102,2,NULL),(395,'윤수진@ssafy.com',NULL,'윤수진','$2a$10$biST0dT9Uz18kLwvbedr2eQOqj2NzMbnXJ0RlM.Zf2PvPulB693qa','png','default','c21f969b5f03d33d43e04f8f136e7682',NULL,1,'0531035',101,2,NULL),(396,'정수정@ssafy.com',NULL,'정수정','$2a$10$wXu5T09sUCb0Mlsv1VN0BewQdo37jaT0NkzzDxfJm4VBNM.zYtdMi','png','default','c21f969b5f03d33d43e04f8f136e7682',NULL,1,'0531036',101,2,NULL),(397,'황은수@ssafy.com',NULL,'황은수','$2a$10$S5a0Irxj1nSono26LHrcmuts5ZhjT5LfKwPuKbeYwB9C2nOS/3dzy','png','default','c21f969b5f03d33d43e04f8f136e7682',NULL,1,'0531037',101,2,NULL),(398,'한영준@ssafy.com',NULL,'한영준','$2a$10$diX0MGJ4AJYXAeDSZFRcFOB3vix3Dq9y0r6nRjxJRqUyiCrKwwFca','png','default','c21f969b5f03d33d43e04f8f136e7682',NULL,1,'0531038',102,2,NULL),(399,'황하온@ssafy.com',NULL,'황하온','$2a$10$VbxyKfJioeZv38Rjy6SR9e.K8XeG4UvgzaUMmkVmznSCbZvT9a68m','png','default','c21f969b5f03d33d43e04f8f136e7682',NULL,1,'0531039',102,2,NULL),(400,'홍예인@ssafy.com',NULL,'홍예인','$2a$10$vQhvyFmw9rYp4Yfodo/02.YlG0R6Poj4cTeRdGXDV5pcgRBSwjwo2','png','default','c21f969b5f03d33d43e04f8f136e7682',NULL,1,'0531040',102,2,NULL),(401,'컴공@ssafy.com',NULL,'컴공','$2a$10$nXu2bOlEoKV9iRU3rsYh5e7XH/rIL3Vwy3FptrkHkzpZ2Pb0qyW1O','png','default','c21f969b5f03d33d43e04f8f136e7682',NULL,1,'0551271',0,1,NULL),(402,'디자인@ssafy.com',NULL,'디자인','$2a$10$i85Zt95pP9/0vEsR7wzCL.FCYj.VYVrU1Zjtfe68Zlx2YVOcocK4O','png','default','c21f969b5f03d33d43e04f8f136e7682','eyJhbGciOiJIUzUxMiJ9.eyJleHAiOjE2MzAwMzYyNjZ9.qyxU1gNilmHTvDsBcDP96MmujQsVo4ZmbdIXsVnO6o42nfYOOAZvVNsLDcMSm4sjs6b3VLB5we1T4Ip06GTNbQ',1,'0551272',0,2,NULL);
/*!40000 ALTER TABLE `user` ENABLE KEYS */;
UNLOCK TABLES;

--
-- Table structure for table `user_award`
--

DROP TABLE IF EXISTS `user_award`;
/*!40101 SET @saved_cs_client     = @@character_set_client */;
/*!50503 SET character_set_client = utf8mb4 */;
CREATE TABLE `user_award` (
  `id` bigint NOT NULL AUTO_INCREMENT,
  `agency` varchar(45) DEFAULT NULL,
  `date` datetime(6) DEFAULT NULL,
  `introduce` varchar(1000) DEFAULT NULL,
  `name` varchar(45) DEFAULT NULL,
  `user_id` bigint DEFAULT NULL,
  PRIMARY KEY (`id`),
  KEY `FKkygakx8aj75qn8l36odjpo7a3` (`user_id`),
  CONSTRAINT `FKkygakx8aj75qn8l36odjpo7a3` FOREIGN KEY (`user_id`) REFERENCES `user` (`id`) ON DELETE CASCADE
) ENGINE=InnoDB DEFAULT CHARSET=utf8mb4 COLLATE=utf8mb4_0900_ai_ci;
/*!40101 SET character_set_client = @saved_cs_client */;

--
-- Dumping data for table `user_award`
--

LOCK TABLES `user_award` WRITE;
/*!40000 ALTER TABLE `user_award` DISABLE KEYS */;
/*!40000 ALTER TABLE `user_award` ENABLE KEYS */;
UNLOCK TABLES;

--
-- Table structure for table `user_chat_room`
--

DROP TABLE IF EXISTS `user_chat_room`;
/*!40101 SET @saved_cs_client     = @@character_set_client */;
/*!50503 SET character_set_client = utf8mb4 */;
CREATE TABLE `user_chat_room` (
  `chat_room_id` bigint NOT NULL,
  `user_id` bigint NOT NULL,
  `last_chat_id` bigint DEFAULT NULL,
  `title` varchar(255) DEFAULT NULL,
  `visible` tinyint DEFAULT '1',
  PRIMARY KEY (`chat_room_id`,`user_id`),
  KEY `FKrglxi17nh7wv7fsd5sp7nrc0f` (`user_id`),
  KEY `FK47mjsdfsxalky2ucsohio3s7e` (`last_chat_id`),
  CONSTRAINT `FK47mjsdfsxalky2ucsohio3s7e` FOREIGN KEY (`last_chat_id`) REFERENCES `chat` (`id`),
  CONSTRAINT `FKbv80y4wit7s10srsix0r5ixwx` FOREIGN KEY (`chat_room_id`) REFERENCES `chat_room` (`id`) ON DELETE CASCADE,
  CONSTRAINT `FKrglxi17nh7wv7fsd5sp7nrc0f` FOREIGN KEY (`user_id`) REFERENCES `user` (`id`) ON DELETE CASCADE
) ENGINE=InnoDB DEFAULT CHARSET=utf8mb4 COLLATE=utf8mb4_0900_ai_ci;
/*!40101 SET character_set_client = @saved_cs_client */;

--
-- Dumping data for table `user_chat_room`
--

LOCK TABLES `user_chat_room` WRITE;
/*!40000 ALTER TABLE `user_chat_room` DISABLE KEYS */;
INSERT INTO `user_chat_room` VALUES (148,24,2644,'신주환님과 개인톡',1),(148,44,2644,'강승현님과 개인톡',1),(151,24,1990,'5명단톡이얌',1),(151,44,1990,'강승현, 신주환, 안대현의 방',1),(151,45,1990,'강승현, 신주환, 안대현의 방',1),(151,47,NULL,'강승현, 신주환, 안대현의 방',1),(152,24,2620,'변경된 방 이름',1),(152,44,2620,'강승현, 신주환, 이우섭의 방',1),(152,51,NULL,'강승현, 신주환, 이우섭의 방',1),(153,29,1991,'김영환, 정희진의 방',1),(153,63,1991,'김영환, 정희진의 방',1),(154,57,1992,'정희진님과 개인톡',1),(154,63,NULL,'장영아님과 개인톡',1),(155,2,NULL,'강리정, 장동균의 방',1),(155,23,1993,'강리정, 장동균의 방',1),(156,23,1994,'강리정, 장민호의 방',1),(157,23,1995,'강리정, 장진우의 방',1),(157,58,1995,'강리정, 장진우의 방',1),(158,23,1999,'강리정, 장영아의 방',1),(158,57,1999,'강리정, 장영아의 방',1),(159,3,NULL,'장영아, 팀구, 안석현의 방',1),(159,7,NULL,'장영아, 팀구, 안석현의 방',1),(159,57,NULL,'장영아, 팀구, 안석현의 방',1),(160,19,2010,'장민호, 강승현의 방',1),(160,24,2010,'장민호, 강승현의 방',1),(161,2,NULL,'장민호, 장동균의 방',1),(162,7,NULL,'장민호, 안석현의 방',1),(162,56,NULL,'ㄴㅇㄹ\0',1),(163,23,2004,'강리정, 강승현의 방',1),(163,24,2004,'강리정, 강승현의 방',1),(164,2,NULL,'장민호님과 개인톡',1),(164,56,2005,'장동균님과 개인톡',1),(165,24,2009,'강승현, 장영아의 방',1),(165,57,2009,'강승현, 장영아의 방',1),(166,24,2012,'강승현, 전도명의 방',1),(166,59,2012,'강승현, 전도명의 방',1),(167,23,2685,'이용재, 강리정의 방',0),(167,50,2685,'이용재, 강리정의 방',1),(168,42,NULL,'서민영, 전도명의 방',1),(168,59,2013,'서민영, 전도명의 방',1),(169,24,2711,'강승현, 전선규의 방',1),(169,60,2711,'강승현, 전선규의 방',1),(170,24,2015,'강승현, 허남규의 방',1),(170,65,2015,'강승현, 허남규의 방',1),(171,24,2598,'강승현, 조동윤의 방',1),(171,64,2598,'강승현, 조동윤의 방',1),(174,24,2599,'강승현, 정준영의 방',1),(174,62,2599,'강승현, 정준영의 방',1),(175,24,2600,'강승현, 정명지의 방',1),(175,61,2600,'강승현, 정명지의 방',1),(176,35,2622,'서민영님과 개인톡',1),(176,42,2622,'노희선님과 개인톡',1),(177,35,2623,'이용재님과 개인톡',1),(177,50,2686,'노희선님과 개인톡',1),(178,24,2691,'노희선님과 개인톡',1),(178,35,2625,'강승현님과 개인톡',1),(179,39,NULL,'이용재님과 개인톡',1),(179,50,2626,'박지우님과 개인톡',1),(180,24,2693,'강승현, 안대현의 방',0),(180,45,2776,'강승현, 안대현의 방',1),(181,24,2688,'강승현, 서민영의 방',1),(181,42,NULL,'강승현, 서민영의 방',1),(182,35,NULL,'안대현, 노희선의 방',1),(182,45,2647,'안대현, 노희선의 방',1),(183,39,NULL,'안대현, 박지우의 방',1),(183,45,2646,'안대현, 박지우의 방',1),(184,29,NULL,'장민호, 김영환의 방',1),(184,56,NULL,'장민호, 김영환의 방',1),(185,85,2636,'미스김님과 개인톡',1),(185,91,NULL,'박태종님과 개인톡',1),(186,35,NULL,'장민호님과 개인톡',1),(186,56,2637,'노희선님과 개인톡',1),(187,23,2639,'장민호, 강리정의 방',1),(187,56,2639,'장민호, 강리정의 방',1),(188,45,2649,'안대현, 이은택의 방',1),(188,66,NULL,'안대현, 이은택의 방',1),(189,45,NULL,'안대현, 이은택의 방',0),(189,66,NULL,'안대현, 이은택의 방',1),(190,45,2650,'안대현, 임완택의 방',1),(190,54,NULL,'안대현, 임완택의 방',1),(192,85,2657,'미스장님과 개인톡',1),(192,92,2657,'박태종님과 개인톡',1),(193,24,2677,'강승현, 강혜린의 방',1),(193,109,NULL,'강승현, 강혜린의 방',1),(194,7,2670,'맹창영님과 개인톡',1),(194,36,2670,'안석현님과 개인톡',1),(195,7,NULL,'안석현, 서민영의 방',1),(195,42,NULL,'안석현, 서민영의 방',1),(196,7,NULL,'안석현, 곽호근의 방',1),(196,25,NULL,'안석현, 곽호근의 방',1),(197,24,2671,'맹창영, 강승현의 방',1),(197,36,2671,'맹창영, 강승현의 방',1),(198,42,2672,'서민영, 맹창영의 방',1),(200,43,2683,'서요셉, 안대현의 방',1),(200,45,2683,'서요셉, 안대현의 방',1),(201,42,NULL,'서요셉, 서민영의 방',1),(201,43,NULL,'서요셉, 서민영의 방',1),(231,23,2692,'강승현, 강리정, 곽호근의 방',1),(231,24,2692,'강승현, 강리정, 곽호근의 방',1),(231,25,NULL,'강승현, 강리정, 곽호근의 방',1),(232,24,2958,'윤익선, 강승현의 방',1),(232,48,2956,'윤익선, 강승현의 방',1),(233,24,2687,'김영환, 강승현의 방',1),(233,29,2687,'김영환, 강승현의 방',1),(234,24,NULL,'강승현, 박지우의 방',0),(234,39,NULL,'강승현, 박지우의 방',1),(235,19,NULL,'강승현, 장민호, 이용재의 방',1),(235,24,NULL,'강승현, 장민호, 이용재의 방',0),(235,50,2757,'강승현, 장민호, 이용재의 방',1),(236,24,2944,'안석현, 강승현의 방',1),(236,46,2944,'안석현, 강승현의 방',1),(237,24,2694,'안석현, 강승현의 방',0),(237,46,2694,'안석현, 강승현의 방',0),(238,24,2712,'박하린, 강승현의 방',1),(238,120,2712,'박하린, 강승현의 방',1),(239,23,2894,'안대현, 강리정의 방',1),(239,45,2894,'안대현, 강리정의 방',1),(240,23,NULL,'안대현, 강리정의 방',1),(240,45,NULL,'안대현, 강리정의 방',0),(241,45,2852,'안대현, 강민성의 방',1),(241,221,NULL,'안대현, 강민성의 방',1),(243,45,2717,'안대현, 강서아의 방',1),(243,346,NULL,'안대현, 강서아의 방',1),(244,45,2888,'안대현, 강소율의 방',1),(244,341,2888,'안대현, 강소율의 방',1),(245,45,2721,'안대현, 강연서의 방',1),(245,215,NULL,'안대현, 강연서의 방',1),(247,45,2772,'안대현, 이용재의 방',1),(247,50,2772,'안대현, 이용재의 방',1),(248,19,NULL,'안대현, 장민호의 방',1),(248,45,2775,'안대현, 장민호의 방',1),(249,25,NULL,'안대현, 곽호근의 방',1),(249,45,2878,'안대현, 곽호근의 방',1),(250,45,2889,'안대현, 전도명의 방',1),(250,59,2889,'안대현, 전도명의 방',1),(251,27,2890,'김민주, 권설의 방',1),(251,226,2890,'김민주, 권설의 방',1),(253,27,2891,'김민주, 김동욱의 방',1),(253,227,2891,'김민주, 김동욱의 방',1),(255,27,2892,'김민주, 김문희의 방',1),(255,31,2892,'김민주, 김문희의 방',1),(257,341,2895,'강서아, 강소율의 방',1),(257,346,2895,'강서아, 강소율의 방',1),(258,24,2901,'강서아, 강승현의 방',1),(258,346,2913,'강서아, 강승현의 방',1),(260,24,2946,'2팀 단톡',1),(260,49,2914,'강승현, 전선규, 이동길, 이용재, 장민호의 방',1),(260,50,2917,'강승현, 전선규, 이동길, 이용재, 장민호의 방',1),(260,56,2914,'강승현, 전선규, 이동길, 이용재, 장민호의 방',1),(260,60,2903,'강승현, 전선규, 이동길, 이용재, 장민호의 방',1),(260,192,2917,'강승현, 전선규, 이동길, 이용재, 장민호의 방',1),(261,24,2919,'코치님',1),(261,66,NULL,'강승현, 이은택의 방',1),(262,24,2922,'강승현, 이태희의 방',1),(262,67,NULL,'강승현, 이태희의 방',1),(263,24,2925,'강승현, 이용재의 방',1),(263,50,2925,'강승현, 이용재의 방',1),(264,23,NULL,'김아름님과 개인톡',1),(264,278,NULL,'강리정님과 개인톡',1),(265,24,2951,'강민성님과 개인톡',1),(265,221,NULL,'강승현님과 개인톡',1),(266,24,NULL,'강승현, 오시호의 방',1),(266,154,NULL,'강승현, 오시호의 방',1),(267,24,2948,'강승현, 강준희의 방',1),(267,218,NULL,'강승현, 강준희의 방',1),(269,24,2949,'김학영, 강승현의 방',1),(269,33,2949,'김학영, 강승현의 방',1),(270,24,2953,'강연서님과 개인톡',1),(270,215,NULL,'강승현님과 개인톡',1),(271,24,NULL,'강태인님과 개인톡',1),(271,216,NULL,'강승현님과 개인톡',1),(272,24,NULL,'권나윤님과 개인톡',1),(272,287,NULL,'강승현님과 개인톡',1);
/*!40000 ALTER TABLE `user_chat_room` ENABLE KEYS */;
UNLOCK TABLES;

--
-- Table structure for table `user_class`
--

DROP TABLE IF EXISTS `user_class`;
/*!40101 SET @saved_cs_client     = @@character_set_client */;
/*!50503 SET character_set_client = utf8mb4 */;
CREATE TABLE `user_class` (
  `id` bigint NOT NULL AUTO_INCREMENT,
  `class_id` bigint DEFAULT NULL,
  `user_id` bigint DEFAULT NULL,
  PRIMARY KEY (`id`),
  KEY `FKl0dwghjhy2lavopqch688ip15` (`class_id`),
  KEY `FK58y9x77hoabiwjdncohp5e8r2` (`user_id`),
  CONSTRAINT `FK58y9x77hoabiwjdncohp5e8r2` FOREIGN KEY (`user_id`) REFERENCES `user` (`id`) ON DELETE CASCADE,
  CONSTRAINT `FKl0dwghjhy2lavopqch688ip15` FOREIGN KEY (`class_id`) REFERENCES `std_class` (`id`)
) ENGINE=InnoDB AUTO_INCREMENT=1143 DEFAULT CHARSET=utf8mb4 COLLATE=utf8mb4_0900_ai_ci;
/*!40101 SET character_set_client = @saved_cs_client */;

--
-- Dumping data for table `user_class`
--

LOCK TABLES `user_class` WRITE;
/*!40000 ALTER TABLE `user_class` DISABLE KEYS */;
INSERT INTO `user_class` VALUES (203,2,2),(204,3,3),(205,4,4),(206,5,5),(207,1,6),(209,3,8),(210,5,10),(211,1,11),(212,2,12),(213,3,13),(214,4,14),(215,5,15),(216,2,17),(217,3,18),(218,4,19),(219,5,20),(220,1,21),(221,2,22),(222,2,23),(223,2,24),(224,2,25),(225,2,26),(226,2,27),(227,2,28),(228,2,29),(229,2,30),(230,2,31),(231,2,32),(232,2,33),(233,2,34),(234,2,35),(235,2,36),(236,2,37),(237,2,38),(238,2,39),(239,2,40),(240,2,41),(241,2,42),(242,2,43),(243,2,44),(244,2,45),(245,2,46),(246,2,47),(247,2,48),(248,2,49),(249,2,50),(250,2,51),(251,2,52),(252,2,53),(253,2,54),(255,2,56),(256,2,57),(257,2,58),(258,2,59),(259,2,60),(260,2,61),(261,2,62),(262,2,63),(263,2,64),(264,2,65),(265,2,66),(266,2,67),(642,15,301),(643,15,302),(644,15,303),(645,15,304),(646,15,305),(647,15,306),(648,15,307),(649,15,308),(650,15,309),(651,15,310),(652,15,311),(653,15,312),(654,15,313),(655,15,314),(656,15,315),(657,15,316),(658,15,317),(659,15,318),(660,15,319),(661,15,320),(662,15,321),(663,15,322),(664,15,323),(665,15,324),(666,15,325),(667,15,326),(668,15,327),(669,15,328),(670,15,329),(671,16,331),(672,16,332),(673,16,333),(674,16,334),(675,16,335),(676,16,336),(677,16,337),(678,16,338),(679,16,339),(680,16,340),(681,16,341),(682,16,342),(683,16,343),(684,16,344),(685,16,345),(686,16,346),(687,16,347),(688,16,348),(689,16,349),(690,16,350),(691,16,351),(692,16,352),(693,16,353),(694,16,354),(695,16,355),(696,16,356),(697,16,357),(698,16,358),(699,16,359),(700,21,361),(701,21,362),(702,21,363),(703,21,364),(704,21,365),(705,21,366),(706,21,367),(707,21,368),(708,21,369),(709,21,370),(710,21,371),(711,21,372),(712,21,373),(713,21,374),(714,21,375),(715,21,376),(716,21,377),(717,21,378),(718,21,379),(719,21,380),(720,21,381),(721,21,382),(722,21,383),(723,21,384),(724,21,385),(725,21,386),(726,21,387),(727,21,388),(728,21,389),(729,21,390),(730,21,391),(731,21,392),(732,21,393),(733,21,394),(734,21,395),(735,21,396),(736,21,397),(737,21,398),(738,21,399),(739,21,400),(741,15,330),(742,16,360),(943,1,101),(944,1,141),(945,1,181),(946,1,221),(947,1,261),(948,1,102),(949,1,142),(950,1,182),(951,1,222),(952,1,262),(953,1,103),(954,1,143),(955,1,183),(956,1,223),(957,1,263),(958,1,104),(959,1,144),(960,1,184),(961,1,224),(962,1,264),(963,1,105),(964,1,145),(965,1,185),(966,1,225),(967,1,265),(968,1,106),(969,1,146),(970,1,186),(971,1,226),(972,1,266),(973,1,107),(974,1,147),(975,1,187),(976,1,227),(977,1,267),(978,1,108),(979,1,148),(980,1,188),(981,1,228),(982,1,268),(983,2,109),(984,2,149),(985,2,189),(986,2,229),(987,2,269),(988,2,110),(989,2,150),(990,2,190),(991,2,230),(992,2,270),(993,2,111),(994,2,151),(995,2,191),(996,2,231),(997,2,271),(998,2,112),(999,2,152),(1000,2,192),(1001,2,232),(1002,2,272),(1003,2,113),(1004,2,153),(1005,2,193),(1006,2,233),(1007,2,273),(1008,2,114),(1009,2,154),(1010,2,194),(1011,2,234),(1012,2,274),(1013,2,115),(1014,2,155),(1015,2,195),(1016,2,235),(1017,2,275),(1018,2,116),(1019,2,156),(1020,2,196),(1021,2,236),(1022,2,276),(1023,3,117),(1024,3,157),(1025,3,197),(1026,3,237),(1027,3,277),(1028,3,118),(1029,3,158),(1030,3,198),(1031,3,238),(1032,3,278),(1033,3,119),(1034,3,159),(1035,3,199),(1036,3,239),(1037,3,279),(1038,3,120),(1039,3,160),(1040,3,200),(1041,3,240),(1042,3,280),(1043,3,121),(1044,3,161),(1045,3,201),(1046,3,241),(1047,3,281),(1048,3,122),(1049,3,162),(1050,3,202),(1051,3,242),(1052,3,282),(1053,3,123),(1054,3,163),(1055,3,203),(1056,3,243),(1057,3,283),(1058,3,124),(1059,3,164),(1060,3,204),(1061,3,244),(1062,3,284),(1063,4,125),(1064,4,165),(1065,4,205),(1066,4,245),(1067,4,285),(1068,4,126),(1069,4,166),(1070,4,206),(1071,4,246),(1072,4,286),(1073,4,127),(1074,4,167),(1075,4,207),(1076,4,247),(1077,4,287),(1078,4,128),(1079,4,168),(1080,4,208),(1081,4,248),(1082,4,288),(1083,4,129),(1084,4,169),(1085,4,209),(1086,4,249),(1087,4,289),(1088,4,130),(1089,4,170),(1090,4,210),(1091,4,250),(1092,4,290),(1093,4,131),(1094,4,171),(1095,4,211),(1096,4,251),(1097,4,291),(1098,4,132),(1099,4,172),(1100,4,212),(1101,4,252),(1102,4,292),(1103,5,133),(1104,5,173),(1105,5,213),(1106,5,253),(1107,5,293),(1108,5,134),(1109,5,174),(1110,5,214),(1111,5,254),(1112,5,294),(1113,5,135),(1114,5,175),(1115,5,215),(1116,5,255),(1117,5,295),(1118,5,136),(1119,5,176),(1120,5,216),(1121,5,256),(1122,5,296),(1123,5,137),(1124,5,177),(1125,5,217),(1126,5,257),(1127,5,297),(1128,5,138),(1129,5,178),(1130,5,218),(1131,5,258),(1132,5,298),(1133,5,139),(1134,5,179),(1135,5,219),(1136,5,259),(1137,5,299),(1138,5,140),(1139,5,180),(1140,5,220),(1141,5,260),(1142,5,300);
/*!40000 ALTER TABLE `user_class` ENABLE KEYS */;
UNLOCK TABLES;

--
-- Table structure for table `user_conference`
--

DROP TABLE IF EXISTS `user_conference`;
/*!40101 SET @saved_cs_client     = @@character_set_client */;
/*!50503 SET character_set_client = utf8mb4 */;
CREATE TABLE `user_conference` (
  `user_id` bigint NOT NULL,
  `conference_id` bigint NOT NULL,
  `id` bigint NOT NULL,
  PRIMARY KEY (`conference_id`,`user_id`),
  KEY `FK31od1ca8dy6piesngukay5udr` (`user_id`),
  CONSTRAINT `FK31od1ca8dy6piesngukay5udr` FOREIGN KEY (`user_id`) REFERENCES `user` (`id`) ON DELETE CASCADE,
  CONSTRAINT `FKixwgtx9i00w7rblemcwmtgt54` FOREIGN KEY (`conference_id`) REFERENCES `conference` (`id`) ON DELETE CASCADE
) ENGINE=InnoDB DEFAULT CHARSET=utf8mb4 COLLATE=utf8mb4_0900_ai_ci;
/*!40101 SET character_set_client = @saved_cs_client */;

--
-- Dumping data for table `user_conference`
--

LOCK TABLES `user_conference` WRITE;
/*!40000 ALTER TABLE `user_conference` DISABLE KEYS */;
/*!40000 ALTER TABLE `user_conference` ENABLE KEYS */;
UNLOCK TABLES;

--
-- Table structure for table `user_file`
--

DROP TABLE IF EXISTS `user_file`;
/*!40101 SET @saved_cs_client     = @@character_set_client */;
/*!50503 SET character_set_client = utf8mb4 */;
CREATE TABLE `user_file` (
  `extension` varchar(45) DEFAULT NULL,
  `name` varchar(45) DEFAULT NULL,
  `original_name` varchar(120) DEFAULT NULL,
  `regist_date` date DEFAULT NULL,
  `user_id` bigint NOT NULL,
  PRIMARY KEY (`user_id`),
  CONSTRAINT `FKk170byb5nt79g5mr4aasp4410` FOREIGN KEY (`user_id`) REFERENCES `user` (`id`)
) ENGINE=InnoDB DEFAULT CHARSET=utf8mb4 COLLATE=utf8mb4_0900_ai_ci;
/*!40101 SET character_set_client = @saved_cs_client */;

--
-- Dumping data for table `user_file`
--

LOCK TABLES `user_file` WRITE;
/*!40000 ALTER TABLE `user_file` DISABLE KEYS */;
/*!40000 ALTER TABLE `user_file` ENABLE KEYS */;
UNLOCK TABLES;

--
-- Table structure for table `user_follow`
--

DROP TABLE IF EXISTS `user_follow`;
/*!40101 SET @saved_cs_client     = @@character_set_client */;
/*!50503 SET character_set_client = utf8mb4 */;
CREATE TABLE `user_follow` (
  `from_user_id` bigint NOT NULL,
  `to_user_id` bigint NOT NULL,
  PRIMARY KEY (`to_user_id`,`from_user_id`),
  KEY `FK602cn3xgrgd5ch8lcdanddqv5` (`from_user_id`),
  CONSTRAINT `FK602cn3xgrgd5ch8lcdanddqv5` FOREIGN KEY (`from_user_id`) REFERENCES `user` (`id`),
  CONSTRAINT `FKi651t243ra5g8sdcsvracrp84` FOREIGN KEY (`to_user_id`) REFERENCES `user` (`id`)
) ENGINE=InnoDB DEFAULT CHARSET=utf8mb4 COLLATE=utf8mb4_0900_ai_ci;
/*!40101 SET character_set_client = @saved_cs_client */;

--
-- Dumping data for table `user_follow`
--

LOCK TABLES `user_follow` WRITE;
/*!40000 ALTER TABLE `user_follow` DISABLE KEYS */;
/*!40000 ALTER TABLE `user_follow` ENABLE KEYS */;
UNLOCK TABLES;

--
-- Table structure for table `user_info_award`
--

DROP TABLE IF EXISTS `user_info_award`;
/*!40101 SET @saved_cs_client     = @@character_set_client */;
/*!50503 SET character_set_client = utf8mb4 */;
CREATE TABLE `user_info_award` (
  `id` bigint NOT NULL AUTO_INCREMENT,
  `agency` varchar(45) DEFAULT NULL,
  `date` datetime(6) DEFAULT NULL,
  `introduce` varchar(1000) DEFAULT NULL,
  `name` varchar(45) DEFAULT NULL,
  `user_id` bigint DEFAULT NULL,
  PRIMARY KEY (`id`),
  KEY `FKlvqes31636a3yayvk2nc6y19i` (`user_id`),
  CONSTRAINT `FKlvqes31636a3yayvk2nc6y19i` FOREIGN KEY (`user_id`) REFERENCES `user` (`id`) ON DELETE CASCADE
) ENGINE=InnoDB AUTO_INCREMENT=48 DEFAULT CHARSET=utf8mb4 COLLATE=utf8mb4_0900_ai_ci;
/*!40101 SET character_set_client = @saved_cs_client */;

--
-- Dumping data for table `user_info_award`
--

LOCK TABLES `user_info_award` WRITE;
/*!40000 ALTER TABLE `user_info_award` DISABLE KEYS */;
INSERT INTO `user_info_award` VALUES (1,'삼성청년소프트웨어아카데미','1970-01-01 14:36:40.721000','공통프로젝트에서 팀빌딩프로젝트를 개발해 수상하였습니다.','최우수상',1),(2,'SK전자','1970-01-01 14:36:40.721000','허ㅗ로로로','장려상',1),(19,'asdfasdf','2021-08-19 09:00:00.000000','asdfasdfasdf','asdfasdf',18),(24,'ㅎㅇsdfsdf','2021-12-31 09:00:00.000000','ㅎㅇsdgsdg','ㅎㅇsdgsdg',46),(26,'삼성전자','2021-06-01 09:00:00.000000','SSAFY 1학기 관통프로젝트 우수상','프로젝트 우수상',24),(27,'ㅇㄴ','2021-08-11 09:00:00.000000','ㅁ','ㅁ',33),(29,'짱멋진 기관','2021-08-09 09:00:00.000000','짱 멋진 상','짱멋진 상',57),(30,'ㅁㄴㅇ','2021-08-11 09:00:00.000000','ㅁㄴㅇ','ㅁㄴㅇ',56),(32,'관청','1779-01-01 09:00:00.000000','그냥 짬 되면 주는 그런상','굿보이',64),(33,'das','2021-08-17 09:00:00.000000','ads','asd',58),(34,'dd','2021-08-10 09:00:00.000000','zz','gg',65),(35,'dsdsx','2021-08-06 09:00:00.000000','dsdsdsdsdsdsdsadsa','dsds',2),(36,'csasa','2021-08-06 09:00:00.000000','csacas','scaas',2),(37,'sssssssssss','2021-08-07 09:00:00.000000','sdsa','sss',2),(38,'dsa','2021-08-04 09:00:00.000000','dsdsa','dsa',2),(39,'dsadsads','2021-08-06 09:00:00.000000','dsadsa','dsadsa',2),(40,'dsdsa','2021-08-05 09:00:00.000000','dsadsa','dsadsa',2),(41,'불꽃체육관','2021-01-19 09:00:00.000000','파이어~~~~❤️‍🔥','불꽃뱃지',92),(42,'(사)한국콘텐츠학회','2020-12-11 09:00:00.000000','ETRI에서 진행했던 웹소켓 기반의 키오스크 개인 프로젝트를 논문으로 작성하여 수상할 수 있었습니다.','ICCC 2020 우수 논문',24),(43,'동남권 LINC+','2020-11-26 09:00:00.000000','2020 창업 노마드 FAIR 우수상\n','창업 노마드 우수상',24),(44,'동남권 LINC+','2020-11-27 09:00:00.000000','2020 창업 노마드 FAIR 최우수상','창업 노마드 FAIR 최우수',24),(45,'sdf','2021-08-10 09:00:00.000000','sdfsdfsdfsdfsdfsdfsdfsdfsdfsdfsdfsdfsdfsdfsdfsdfsdfsdfsdfsdfsdfsdfsdfsdfsdfsdfsdfsdfsdfsdfsdfsdfsdfs','sdf',45),(46,'디센터','2019-06-14 09:00:00.000000','하이퍼레저 퍼브릭 구조로 만든 dapp을 개발하여 최우수상을 수상하였습니다.','최우수상',346),(47,'블록체인 연구소','2021-06-08 09:00:00.000000','3일간의 해커톤 일정으로 진행된 프로젝트였습니다. 팀원 모두가 프로젝트에 집중하여 수상할 수 있었습니다.','베스트 팀 상',346);
/*!40000 ALTER TABLE `user_info_award` ENABLE KEYS */;
UNLOCK TABLES;

--
-- Table structure for table `user_info_project`
--

DROP TABLE IF EXISTS `user_info_project`;
/*!40101 SET @saved_cs_client     = @@character_set_client */;
/*!50503 SET character_set_client = utf8mb4 */;
CREATE TABLE `user_info_project` (
  `id` bigint NOT NULL AUTO_INCREMENT,
  `introduce` varchar(1000) DEFAULT NULL,
  `name` varchar(45) NOT NULL,
  `position_code` int NOT NULL,
  `url` varchar(200) DEFAULT NULL,
  `user_id` bigint DEFAULT NULL,
  PRIMARY KEY (`id`),
  KEY `FKlkohgal45op70xeijcxynbjjr` (`user_id`),
  CONSTRAINT `FKlkohgal45op70xeijcxynbjjr` FOREIGN KEY (`user_id`) REFERENCES `user` (`id`) ON DELETE CASCADE
) ENGINE=InnoDB AUTO_INCREMENT=55 DEFAULT CHARSET=utf8mb4 COLLATE=utf8mb4_0900_ai_ci;
/*!40101 SET character_set_client = @saved_cs_client */;

--
-- Dumping data for table `user_info_project`
--

LOCK TABLES `user_info_project` WRITE;
/*!40000 ALTER TABLE `user_info_project` DISABLE KEYS */;
INSERT INTO `user_info_project` VALUES (1,'202108051054','현재시간',102,'www.naver.com',7),(3,'Lunch','Lunch',101,'Lunch',7),(11,'팀구합시다sdsdsdsds','팀구',101,'www.naver.com',2),(15,'너무 재미잇어요','팀구',101,'www.google.com dsa',2),(25,'프로젝트2sdfsfsdfsdfsdfsdfsdfsdfsdfsdgsgsg','프로젝트 2sfsdfsdfs',102,'프로젝트2',46),(27,'..','약 알리미',101,'...',34),(28,'짱','짱           ',101,'naver.com',26),(29,'ㄷ','ㅈ',102,'ㄷ',26),(30,'그대를 처음','봄 프로젝트',102,'봄봄봄이왓어요',29),(31,'ㅁ','프로',102,'ㅁ',33),(32,'aa','happyhouse',102,'aa',27),(33,'제 프로젝트인척','팀구',102,'https://nifty-jepsen-f8bdc1.netlify.app/userdetail',64),(34,'짱짱 멋진 프로젝트','짱 멋진 프로젝트',102,'없는데..',57),(35,'실시간 화상 강의를 돕는 서비스\n실시간 화상 강의를 돕는 서비스\n실시간 화상 강의를 돕는 서비스\n실시간 화상 강의를 돕는 서비스','몇글자까지되는지테스트중입니다',102,'https://naver.com',56),(36,'마이미~ 홍보하고 가요~~','MYME',102,'https://myme.today',40),(38,'ㄹㄹㅇㅇ','ㄹㄹㅇㅇ',102,'ㄹㄹㅇㅇㅇㅇ',47),(39,'dd','p1',102,'dd',65),(41,'dsadsa','sdadsadsa',101,'dsad',2),(43,'ds','dsd',101,'dsds',2),(46,'ㅇㄴㅁㅇㄴㅁㅇ','잘되나?',101,'ㄴㅇㄴㅁㅇ',2),(47,'ㄴㄴ','뭐지ㅌㄴㅇㅁㅇㄴㅁsadsa',101,'ㄴㄴdsadsadsa',2),(49,'ㄴㅇㅎㄴㅇㅎasdgdsagsagsagagsdagsdgsadgsdgsadgsdgsdagsdagdsagasdgsdgasdgsdagasdgasdgdsgdsgsdgsdgsdgsdagsda','ㄴㅇㅎ',102,'ㄴㅇㅎㄴㅇㅎ',45),(50,'한국전자통신연구원(ETRI) 2개월 인턴을 하면서 진행했던 프로젝트입니다\n','인터랙티브 미디어 키오스크',102,'naver.com',24),(51,'제목 길이가 조금 짧은 거 같은데요..?? 물음표를 더 붙이고 싶었는데 안되네요. 길이를 세보니까 15자?로 막아논 듯 한데, 아쉽네요.','오우 모달 UI가 왜이래?',102,'https://naver.com',92),(52,'불 끄기 프로젝트는 제가 기깔나게 잘 합니다!','불끄기',101,'https://kakao.com',85),(53,'울둘목에서 활약을 좀 했습니다.','명량대첩',102,'#',83),(54,'교내 코딩대회를 혼자 개최했습니다.\n오픈소스 OJ 서버와 Frontend를 사용했으며 한글화하여 사용했습니다\n또한 모든 문제는 직접 출제하고 외부 검토를 받았습니다','교내 코딩대회 개최',101,'https://github.com/CODe1995/OnlineJudgeFE',24);
/*!40000 ALTER TABLE `user_info_project` ENABLE KEYS */;
UNLOCK TABLES;

--
-- Table structure for table `user_project`
--

DROP TABLE IF EXISTS `user_project`;
/*!40101 SET @saved_cs_client     = @@character_set_client */;
/*!50503 SET character_set_client = utf8mb4 */;
CREATE TABLE `user_project` (
  `id` bigint NOT NULL AUTO_INCREMENT,
  `introduce` varchar(1000) DEFAULT NULL,
  `name` varchar(45) NOT NULL,
  `position_code` int NOT NULL,
  `url` varchar(200) DEFAULT NULL,
  `user_id` bigint DEFAULT NULL,
  PRIMARY KEY (`id`),
  KEY `FKpw81exe7fsdl7mddqujvu91kx` (`user_id`),
  CONSTRAINT `FKpw81exe7fsdl7mddqujvu91kx` FOREIGN KEY (`user_id`) REFERENCES `user` (`id`) ON DELETE CASCADE
) ENGINE=InnoDB DEFAULT CHARSET=utf8mb4 COLLATE=utf8mb4_0900_ai_ci;
/*!40101 SET character_set_client = @saved_cs_client */;

--
-- Dumping data for table `user_project`
--

LOCK TABLES `user_project` WRITE;
/*!40000 ALTER TABLE `user_project` DISABLE KEYS */;
/*!40000 ALTER TABLE `user_project` ENABLE KEYS */;
UNLOCK TABLES;

--
-- Table structure for table `user_project_detail`
--

DROP TABLE IF EXISTS `user_project_detail`;
/*!40101 SET @saved_cs_client     = @@character_set_client */;
/*!50503 SET character_set_client = utf8mb4 */;
CREATE TABLE `user_project_detail` (
  `user_id` bigint NOT NULL,
  `project_detail_id` bigint NOT NULL,
  `project_detail_project_code` int NOT NULL,
  `project_detail_stage_code` int NOT NULL,
  PRIMARY KEY (`project_detail_id`,`project_detail_project_code`,`project_detail_stage_code`,`user_id`),
  KEY `FKmv6py3w68b0os9qbd7y4aand5` (`user_id`),
  CONSTRAINT `FK3ysr973wragk0dy9hv1bwy9ch` FOREIGN KEY (`project_detail_id`, `project_detail_project_code`, `project_detail_stage_code`) REFERENCES `project_detail` (`id`, `project_code`, `stage_code`),
  CONSTRAINT `FKmv6py3w68b0os9qbd7y4aand5` FOREIGN KEY (`user_id`) REFERENCES `user` (`id`)
) ENGINE=InnoDB DEFAULT CHARSET=utf8mb4 COLLATE=utf8mb4_0900_ai_ci;
/*!40101 SET character_set_client = @saved_cs_client */;

--
-- Dumping data for table `user_project_detail`
--

LOCK TABLES `user_project_detail` WRITE;
/*!40000 ALTER TABLE `user_project_detail` DISABLE KEYS */;
INSERT INTO `user_project_detail` VALUES (2,1,101,105),(3,1,101,105),(19,1,101,105),(23,1,101,105),(23,2,102,105),(24,1,101,105),(24,2,102,105),(25,1,101,105),(25,2,102,105),(26,1,101,105),(26,2,102,105),(27,1,101,105),(27,2,102,105),(28,1,101,105),(28,2,102,105),(29,1,101,105),(29,2,102,105),(30,1,101,105),(30,2,102,105),(31,1,101,105),(31,2,102,105),(32,1,101,105),(32,2,102,105),(33,1,101,105),(33,2,102,105),(34,1,101,105),(34,2,102,105),(35,1,101,105),(35,2,102,105),(36,1,101,105),(36,2,102,105),(37,1,101,105),(37,2,102,105),(38,1,101,105),(38,2,102,105),(39,1,101,105),(39,2,102,105),(40,1,101,105),(40,2,102,105),(41,1,101,105),(41,2,102,105),(42,1,101,105),(42,2,102,105),(43,1,101,105),(43,2,102,105),(44,1,101,105),(44,2,102,105),(45,1,101,105),(45,2,102,105),(46,2,102,105),(47,1,101,105),(47,2,102,105),(48,1,101,105),(48,2,102,105),(49,1,101,105),(50,1,101,105),(50,2,102,105),(51,1,101,105),(51,2,102,105),(52,1,101,105),(52,2,102,105),(53,1,101,105),(53,2,102,105),(54,1,101,105),(54,2,102,105),(56,1,101,105),(56,2,102,105),(57,1,101,105),(57,2,102,105),(58,1,101,105),(58,2,102,105),(59,1,101,105),(59,2,102,105),(60,1,101,105),(60,2,102,105),(61,1,101,105),(61,2,102,105),(62,1,101,105),(62,2,102,105),(63,1,101,105),(63,2,102,105),(64,1,101,105),(64,2,102,105),(65,1,101,105),(65,2,102,105),(66,1,101,105),(66,2,102,105),(67,1,101,105),(67,2,102,105),(68,1,101,105),(101,1,101,105),(101,3,103,105),(102,1,101,105),(102,3,103,105),(103,1,101,105),(103,3,103,105),(104,1,101,105),(104,3,103,105),(105,1,101,105),(105,3,103,105),(106,1,101,105),(106,3,103,105),(107,1,101,105),(107,3,103,105),(108,1,101,105),(108,3,103,105),(109,1,101,105),(109,3,103,105),(110,1,101,105),(110,3,103,105),(111,1,101,105),(111,3,103,105),(112,1,101,105),(112,3,103,105),(113,1,101,105),(113,3,103,105),(114,1,101,105),(114,3,103,105),(115,1,101,105),(115,3,103,105),(116,1,101,105),(116,3,103,105),(117,1,101,105),(117,3,103,105),(118,1,101,105),(118,3,103,105),(119,1,101,105),(119,3,103,105),(120,1,101,105),(120,3,103,105),(121,1,101,105),(121,2,102,105),(122,1,101,105),(122,2,102,105),(123,1,101,105),(123,2,102,105),(124,1,101,105),(124,2,102,105),(125,1,101,105),(125,2,102,105),(126,1,101,105),(126,2,102,105),(127,1,101,105),(127,2,102,105),(128,1,101,105),(128,2,102,105),(129,1,101,105),(129,2,102,105),(130,1,101,105),(130,2,102,105),(131,1,101,105),(131,2,102,105),(132,1,101,105),(132,2,102,105),(133,1,101,105),(133,2,102,105),(134,1,101,105),(134,2,102,105),(135,1,101,105),(135,2,102,105),(136,1,101,105),(136,2,102,105),(137,1,101,105),(137,2,102,105),(138,1,101,105),(138,2,102,105),(139,1,101,105),(139,2,102,105),(140,1,101,105),(140,2,102,105),(141,1,101,105),(141,2,102,105),(142,1,101,105),(142,2,102,105),(143,1,101,105),(143,2,102,105),(144,1,101,105),(144,2,102,105),(145,1,101,105),(145,2,102,105),(146,1,101,105),(146,2,102,105),(147,1,101,105),(147,2,102,105),(148,1,101,105),(148,2,102,105),(149,1,101,105),(149,2,102,105),(150,1,101,105),(150,2,102,105),(151,1,101,105),(151,2,102,105),(152,1,101,105),(152,2,102,105),(153,1,101,105),(153,2,102,105),(154,1,101,105),(154,2,102,105),(155,1,101,105),(155,2,102,105),(156,1,101,105),(156,2,102,105),(157,1,101,105),(157,2,102,105),(158,1,101,105),(158,2,102,105),(159,1,101,105),(159,2,102,105),(160,1,101,105),(160,2,102,105),(161,1,101,105),(161,2,102,105),(162,1,101,105),(162,2,102,105),(163,1,101,105),(163,2,102,105),(164,1,101,105),(164,2,102,105),(165,1,101,105),(165,2,102,105),(166,1,101,105),(166,2,102,105),(167,1,101,105),(167,2,102,105),(168,1,101,105),(168,2,102,105),(169,1,101,105),(169,2,102,105),(170,1,101,105),(170,2,102,105),(171,1,101,105),(171,2,102,105),(172,1,101,105),(172,2,102,105),(173,1,101,105),(173,2,102,105),(174,1,101,105),(174,2,102,105),(175,1,101,105),(175,2,102,105),(176,1,101,105),(176,2,102,105),(177,1,101,105),(177,2,102,105),(178,1,101,105),(178,2,102,105),(179,1,101,105),(179,2,102,105),(180,1,101,105),(180,2,102,105),(181,1,101,105),(181,2,102,105),(182,1,101,105),(182,2,102,105),(183,1,101,105),(183,2,102,105),(184,1,101,105),(184,2,102,105),(185,1,101,105),(185,2,102,105),(186,1,101,105),(186,2,102,105),(187,1,101,105),(187,2,102,105),(188,1,101,105),(188,2,102,105),(189,1,101,105),(189,2,102,105),(190,1,101,105),(190,2,102,105),(191,1,101,105),(191,2,102,105),(192,1,101,105),(192,2,102,105),(193,1,101,105),(193,2,102,105),(194,1,101,105),(194,2,102,105),(195,1,101,105),(195,2,102,105),(196,1,101,105),(196,2,102,105),(197,1,101,105),(197,2,102,105),(198,1,101,105),(198,2,102,105),(199,1,101,105),(199,2,102,105),(200,1,101,105),(200,2,102,105),(201,1,101,105),(201,2,102,105),(202,1,101,105),(202,2,102,105),(203,1,101,105),(203,2,102,105),(204,1,101,105),(204,2,102,105),(205,1,101,105),(205,2,102,105),(206,1,101,105),(206,2,102,105),(207,1,101,105),(207,2,102,105),(208,1,101,105),(208,2,102,105),(209,1,101,105),(209,2,102,105),(210,1,101,105),(210,2,102,105),(211,1,101,105),(211,2,102,105),(212,1,101,105),(212,2,102,105),(213,1,101,105),(213,2,102,105),(214,1,101,105),(214,2,102,105),(215,1,101,105),(215,2,102,105),(216,1,101,105),(216,2,102,105),(217,1,101,105),(217,2,102,105),(218,1,101,105),(218,2,102,105),(219,1,101,105),(219,2,102,105),(220,1,101,105),(220,2,102,105),(221,1,101,105),(221,2,102,105),(222,1,101,105),(222,2,102,105),(223,1,101,105),(223,2,102,105),(224,1,101,105),(224,2,102,105),(225,1,101,105),(225,2,102,105),(226,1,101,105),(226,2,102,105),(227,1,101,105),(227,2,102,105),(228,1,101,105),(228,2,102,105),(229,1,101,105),(229,2,102,105),(230,1,101,105),(230,2,102,105),(231,1,101,105),(231,2,102,105),(232,1,101,105),(232,2,102,105),(233,1,101,105),(233,2,102,105),(234,1,101,105),(234,2,102,105),(235,1,101,105),(235,2,102,105),(236,1,101,105),(236,2,102,105),(237,1,101,105),(237,2,102,105),(238,1,101,105),(238,2,102,105),(239,1,101,105),(239,2,102,105),(240,1,101,105),(240,2,102,105),(241,1,101,105),(241,2,102,105),(242,1,101,105),(242,2,102,105),(243,1,101,105),(243,2,102,105),(244,1,101,105),(244,2,102,105),(245,1,101,105),(245,2,102,105),(246,1,101,105),(246,2,102,105),(247,1,101,105),(247,2,102,105),(248,1,101,105),(248,2,102,105),(249,1,101,105),(249,2,102,105),(250,1,101,105),(250,2,102,105),(251,1,101,105),(251,2,102,105),(252,1,101,105),(252,2,102,105),(253,1,101,105),(253,2,102,105),(254,1,101,105),(254,2,102,105),(255,1,101,105),(255,2,102,105),(256,1,101,105),(256,2,102,105),(257,1,101,105),(257,2,102,105),(258,1,101,105),(258,2,102,105),(259,1,101,105),(259,2,102,105),(260,1,101,105),(260,2,102,105),(261,1,101,105),(261,2,102,105),(262,1,101,105),(262,2,102,105),(263,1,101,105),(263,2,102,105),(264,1,101,105),(264,2,102,105),(265,1,101,105),(265,2,102,105),(266,1,101,105),(266,2,102,105),(267,1,101,105),(267,2,102,105),(268,1,101,105),(268,2,102,105),(269,1,101,105),(269,2,102,105),(270,1,101,105),(270,2,102,105),(271,1,101,105),(271,2,102,105),(272,1,101,105),(272,2,102,105),(273,1,101,105),(273,2,102,105),(274,1,101,105),(274,2,102,105),(275,1,101,105),(275,2,102,105),(276,1,101,105),(276,2,102,105),(277,1,101,105),(277,2,102,105),(278,1,101,105),(278,2,102,105),(279,1,101,105),(279,2,102,105),(280,1,101,105),(280,2,102,105),(281,1,101,105),(281,2,102,105),(282,1,101,105),(282,2,102,105),(283,1,101,105),(283,2,102,105),(284,1,101,105),(284,2,102,105),(285,1,101,105),(285,2,102,105),(286,1,101,105),(286,2,102,105),(287,1,101,105),(287,2,102,105),(288,1,101,105),(288,2,102,105),(289,1,101,105),(289,2,102,105),(290,1,101,105),(290,2,102,105),(291,1,101,105),(291,3,103,105),(292,1,101,105),(292,3,103,105),(293,1,101,105),(293,3,103,105),(294,1,101,105),(294,3,103,105),(295,1,101,105),(295,3,103,105),(296,1,101,105),(296,3,103,105),(297,1,101,105),(297,3,103,105),(298,1,101,105),(298,3,103,105),(299,1,101,105),(299,3,103,105),(300,1,101,105),(300,3,103,105),(301,1,101,105),(301,2,102,105),(302,1,101,105),(302,2,102,105),(303,1,101,105),(303,2,102,105),(304,1,101,105),(304,2,102,105),(305,1,101,105),(305,2,102,105),(306,1,101,105),(306,2,102,105),(307,1,101,105),(307,2,102,105),(308,1,101,105),(308,2,102,105),(309,1,101,105),(309,2,102,105),(310,1,101,105),(310,2,102,105),(311,1,101,105),(311,2,102,105),(312,1,101,105),(312,2,102,105),(313,1,101,105),(313,2,102,105),(314,1,101,105),(314,2,102,105),(315,1,101,105),(315,2,102,105),(316,1,101,105),(316,2,102,105),(317,1,101,105),(317,2,102,105),(318,1,101,105),(318,3,103,105),(319,1,101,105),(319,3,103,105),(320,1,101,105),(320,3,103,105),(321,1,101,105),(321,2,102,105),(322,1,101,105),(322,2,102,105),(323,1,101,105),(323,2,102,105),(324,1,101,105),(324,2,102,105),(325,1,101,105),(325,2,102,105),(326,1,101,105),(326,2,102,105),(327,1,101,105),(327,2,102,105),(328,1,101,105),(328,2,102,105),(329,1,101,105),(329,3,103,105),(330,1,101,105),(330,3,103,105),(331,1,101,105),(331,2,102,105),(332,1,101,105),(332,2,102,105),(333,1,101,105),(333,2,102,105),(334,1,101,105),(334,2,102,105),(335,1,101,105),(335,2,102,105),(336,1,101,105),(336,2,102,105),(337,1,101,105),(337,2,102,105),(338,1,101,105),(338,2,102,105),(339,1,101,105),(339,2,102,105),(340,1,101,105),(340,2,102,105),(341,1,101,105),(341,2,102,105),(342,1,101,105),(342,2,102,105),(343,1,101,105),(343,2,102,105),(344,1,101,105),(344,2,102,105),(345,1,101,105),(345,2,102,105),(346,1,101,105),(346,2,102,105),(347,1,101,105),(347,2,102,105),(348,1,101,105),(348,3,103,105),(349,1,101,105),(349,3,103,105),(350,1,101,105),(350,3,103,105),(351,1,101,105),(351,2,102,105),(352,1,101,105),(352,2,102,105),(353,1,101,105),(353,2,102,105),(354,1,101,105),(354,2,102,105),(355,1,101,105),(355,2,102,105),(356,1,101,105),(356,2,102,105),(357,1,101,105),(357,2,102,105),(358,1,101,105),(358,2,102,105),(359,1,101,105),(359,3,103,105),(360,1,101,105),(360,3,103,105),(361,1,101,105),(361,2,102,105),(362,1,101,105),(362,2,102,105),(363,1,101,105),(363,2,102,105),(364,1,101,105),(364,2,102,105),(365,1,101,105),(365,2,102,105),(366,1,101,105),(366,2,102,105),(367,1,101,105),(367,2,102,105),(368,1,101,105),(368,2,102,105),(369,1,101,105),(369,2,102,105),(370,1,101,105),(370,2,102,105),(371,1,101,105),(371,2,102,105),(372,1,101,105),(372,2,102,105),(373,1,101,105),(373,2,102,105),(374,1,101,105),(374,2,102,105),(375,1,101,105),(375,2,102,105),(376,1,101,105),(376,2,102,105),(377,1,101,105),(377,2,102,105),(378,1,101,105),(378,2,102,105),(379,1,101,105),(379,2,102,105),(380,1,101,105),(380,2,102,105),(381,1,101,105),(381,3,103,105),(382,1,101,105),(382,3,103,105),(383,1,101,105),(383,3,103,105),(384,1,101,105),(384,3,103,105),(385,1,101,105),(385,3,103,105),(386,1,101,105),(386,3,103,105),(387,1,101,105),(387,2,102,105),(388,1,101,105),(388,2,102,105),(389,1,101,105),(389,2,102,105),(390,1,101,105),(390,2,102,105),(391,1,101,105),(391,2,102,105),(392,1,101,105),(392,2,102,105),(393,1,101,105),(393,2,102,105),(394,1,101,105),(394,2,102,105),(395,1,101,105),(395,2,102,105),(396,1,101,105),(396,2,102,105),(397,1,101,105),(397,3,103,105),(398,1,101,105),(398,3,103,105),(399,1,101,105),(399,3,103,105),(400,1,101,105),(400,3,103,105),(402,2,102,105);
/*!40000 ALTER TABLE `user_project_detail` ENABLE KEYS */;
UNLOCK TABLES;

--
-- Table structure for table `user_team`
--

DROP TABLE IF EXISTS `user_team`;
/*!40101 SET @saved_cs_client     = @@character_set_client */;
/*!50503 SET character_set_client = utf8mb4 */;
CREATE TABLE `user_team` (
  `id` bigint NOT NULL AUTO_INCREMENT,
  `team_id` bigint NOT NULL,
  `user_id` bigint NOT NULL,
  PRIMARY KEY (`id`),
  KEY `FK6d6agqknw564xtsa91d3259wu` (`team_id`),
  KEY `FKd6um0sk8hyytfq7oalt5a4nph` (`user_id`),
  CONSTRAINT `FK6d6agqknw564xtsa91d3259wu` FOREIGN KEY (`team_id`) REFERENCES `team` (`id`),
  CONSTRAINT `FKd6um0sk8hyytfq7oalt5a4nph` FOREIGN KEY (`user_id`) REFERENCES `user` (`id`) ON DELETE CASCADE
) ENGINE=InnoDB AUTO_INCREMENT=239180 DEFAULT CHARSET=utf8mb4 COLLATE=utf8mb4_0900_ai_ci;
/*!40101 SET character_set_client = @saved_cs_client */;

--
-- Dumping data for table `user_team`
--

LOCK TABLES `user_team` WRITE;
/*!40000 ALTER TABLE `user_team` DISABLE KEYS */;
INSERT INTO `user_team` VALUES (32,46,23),(41,49,27),(42,49,37),(43,49,52),(45,50,28),(46,50,38),(47,50,51),(48,50,44),(53,52,31),(54,52,40),(55,52,49),(56,53,32),(57,53,41),(59,54,33),(60,54,42),(61,54,47),(62,55,34),(63,55,43),(65,56,67),(66,56,25),(76,59,25),(77,59,29),(78,59,33),(79,59,37),(80,60,26),(81,60,30),(82,60,34),(83,60,38),(90,63,41),(91,63,45),(93,64,42),(95,64,50),(238561,72,101),(238562,72,141),(238563,72,181),(238564,72,221),(238565,72,261),(238566,73,102),(238567,73,142),(238568,73,182),(238569,73,222),(238570,73,262),(238571,74,103),(238572,74,143),(238573,74,183),(238574,74,223),(238575,74,263),(238576,75,104),(238577,75,144),(238578,75,184),(238579,75,224),(238580,75,264),(238581,76,105),(238582,76,145),(238583,76,185),(238584,76,225),(238585,76,265),(238586,77,106),(238587,77,146),(238588,77,186),(238589,77,226),(238590,77,266),(238591,78,107),(238592,78,147),(238593,78,187),(238594,78,227),(238595,78,267),(238596,79,108),(238597,79,148),(238598,79,188),(238599,79,228),(238600,79,268),(238601,80,109),(238602,80,149),(238603,80,189),(238604,80,229),(238605,80,269),(238606,81,110),(238607,81,150),(238608,81,190),(238609,81,230),(238610,81,270),(238611,82,111),(238612,82,151),(238613,82,191),(238614,82,231),(238615,82,271),(238616,83,112),(238617,83,152),(238618,83,192),(238619,83,232),(238620,83,272),(238621,84,113),(238622,84,153),(238623,84,193),(238624,84,233),(238625,84,273),(238626,85,114),(238627,85,154),(238628,85,194),(238629,85,234),(238630,85,274),(238631,86,115),(238632,86,155),(238633,86,195),(238634,86,235),(238635,86,275),(238636,87,116),(238637,87,156),(238638,87,196),(238639,87,236),(238640,87,276),(238641,88,117),(238642,88,157),(238643,88,197),(238644,88,237),(238645,88,277),(238646,89,118),(238647,89,158),(238648,89,198),(238649,89,238),(238650,89,278),(238651,90,119),(238652,90,159),(238653,90,199),(238654,90,239),(238655,90,279),(238656,91,120),(238657,91,160),(238658,91,200),(238659,91,240),(238660,91,280),(238661,92,121),(238662,92,161),(238663,92,201),(238664,92,241),(238665,92,281),(238666,93,122),(238667,93,162),(238668,93,202),(238669,93,242),(238670,93,282),(238671,94,123),(238672,94,163),(238673,94,203),(238674,94,243),(238675,94,283),(238676,95,124),(238677,95,164),(238678,95,204),(238679,95,244),(238680,95,284),(238681,96,125),(238682,96,165),(238683,96,205),(238684,96,245),(238685,96,285),(238686,97,126),(238687,97,166),(238688,97,206),(238689,97,246),(238690,97,286),(238691,98,127),(238692,98,167),(238693,98,207),(238694,98,247),(238695,98,287),(238696,99,128),(238697,99,168),(238698,99,208),(238699,99,248),(238700,99,288),(238701,100,129),(238702,100,169),(238703,100,209),(238704,100,249),(238705,100,289),(238706,101,130),(238707,101,170),(238708,101,210),(238709,101,250),(238710,101,290),(238711,102,131),(238712,102,171),(238713,102,211),(238714,102,251),(238715,102,291),(238716,103,132),(238717,103,172),(238718,103,212),(238719,103,252),(238720,103,292),(238721,104,133),(238722,104,173),(238723,104,213),(238724,104,253),(238725,104,293),(238726,105,134),(238727,105,174),(238728,105,214),(238729,105,254),(238730,105,294),(238731,106,135),(238732,106,175),(238733,106,215),(238734,106,255),(238735,106,295),(238736,107,136),(238737,107,176),(238738,107,216),(238739,107,256),(238740,107,296),(238741,108,137),(238742,108,177),(238743,108,217),(238744,108,257),(238745,108,297),(238746,109,138),(238747,109,178),(238748,109,218),(238749,109,258),(238750,109,298),(238751,110,139),(238752,110,179),(238753,110,219),(238754,110,259),(238755,110,299),(238756,111,140),(238757,111,180),(238758,111,220),(238759,111,260),(238760,111,300),(238797,112,301),(238798,112,307),(238799,112,313),(238800,112,319),(238801,112,325),(238802,113,302),(238803,113,308),(238804,113,314),(238805,113,320),(238806,113,326),(238807,114,303),(238808,114,309),(238809,114,315),(238810,114,321),(238811,114,327),(238812,115,304),(238813,115,310),(238814,115,316),(238815,115,322),(238816,115,328),(238817,116,305),(238818,116,311),(238819,116,317),(238820,116,323),(238821,116,329),(238822,117,306),(238823,117,312),(238824,117,318),(238825,117,324),(238826,117,330),(238827,118,331),(238828,118,337),(238829,118,343),(238830,118,349),(238831,118,355),(238832,119,332),(238833,119,338),(238834,119,344),(238835,119,350),(238836,119,356),(238837,120,333),(238838,120,339),(238839,120,345),(238840,120,351),(238841,120,357),(238842,121,334),(238843,121,340),(238844,121,346),(238845,121,352),(238846,121,358),(238847,122,335),(238848,122,341),(238849,122,347),(238850,122,353),(238851,122,359),(238852,123,336),(238853,123,342),(238854,123,348),(238855,123,354),(238856,123,360),(238857,124,361),(238858,124,369),(238859,124,377),(238860,124,385),(238861,124,393),(238862,125,362),(238863,125,370),(238864,125,378),(238865,125,386),(238866,125,394),(238867,126,363),(238868,126,371),(238869,126,379),(238870,126,387),(238871,126,395),(238872,127,364),(238873,127,372),(238874,127,380),(238875,127,388),(238876,127,396),(238877,128,365),(238878,128,373),(238879,128,381),(238880,128,389),(238881,128,397),(238882,129,366),(238883,129,374),(238884,129,382),(238885,129,390),(238886,129,398),(238887,130,367),(238888,130,375),(238889,130,383),(238890,130,391),(238891,130,399),(238892,131,368),(238893,131,376),(238894,131,384),(238895,131,392),(238896,131,400),(238903,141,56),(238908,144,36),(238909,145,36),(238910,146,46),(238912,63,43),(238914,149,101),(238915,149,102),(238916,149,329),(238917,149,359),(238918,149,348),(238919,150,384),(238920,150,385),(238921,150,397),(238922,150,398),(238923,150,103),(238924,151,104),(238925,151,105),(238926,151,106),(238927,151,292),(238928,151,293),(238929,152,107),(238930,152,108),(238931,152,109),(238932,153,320),(238933,153,330),(238934,153,318),(238935,154,110),(238936,154,111),(238937,154,291),(238938,154,117),(238939,155,112),(238940,155,113),(238941,155,114),(238942,155,294),(238943,156,115),(238944,156,116),(238945,156,118),(238946,156,295),(238947,157,349),(238948,157,350),(238949,157,360),(238950,157,381),(238951,158,119),(238952,158,386),(238953,158,399),(238954,194,121),(238955,194,122),(238956,194,123),(238957,194,231),(238958,194,232),(238959,195,124),(238960,195,125),(238961,195,126),(238962,195,233),(238963,195,234),(238964,196,127),(238965,196,128),(238966,196,129),(238967,196,235),(238968,196,236),(238969,197,130),(238970,197,131),(238971,197,132),(238972,197,237),(238973,197,238),(238974,198,133),(238975,198,134),(238976,198,135),(238977,198,239),(238978,198,240),(238979,199,136),(238980,199,137),(238981,199,138),(238982,199,241),(238983,199,242),(238984,200,139),(238985,200,140),(238986,200,141),(238987,200,243),(238988,200,244),(238989,201,145),(238990,201,146),(238991,201,147),(238992,201,247),(238993,201,248),(238994,202,148),(238995,202,149),(238996,202,150),(238997,202,249),(238998,202,250),(238999,203,151),(239000,203,152),(239001,203,153),(239002,203,251),(239003,203,252),(239004,204,142),(239005,204,143),(239006,204,144),(239007,204,245),(239008,204,246),(239009,205,301),(239010,205,302),(239011,205,303),(239012,205,321),(239013,205,322),(239014,206,304),(239015,206,305),(239016,206,306),(239017,206,323),(239018,206,324),(239019,207,307),(239020,207,308),(239021,207,309),(239022,207,325),(239023,208,310),(239024,208,311),(239025,208,326),(239026,208,327),(239027,209,312),(239028,209,313),(239029,209,314),(239030,209,328),(239031,210,331),(239032,210,332),(239033,210,333),(239034,210,351),(239035,210,352),(239036,211,334),(239037,211,335),(239038,211,336),(239039,211,353),(239040,211,354),(239041,212,337),(239042,212,338),(239043,212,355),(239044,213,339),(239045,213,340),(239046,213,356),(239047,214,361),(239048,214,362),(239049,214,363),(239050,214,387),(239051,214,388),(239052,215,364),(239053,215,365),(239054,215,366),(239055,215,389),(239056,215,390),(239057,216,367),(239058,216,368),(239059,216,369),(239060,216,391),(239061,217,370),(239062,217,371),(239063,217,372),(239064,218,373),(239065,218,374),(239066,218,394),(239067,216,392),(239068,220,154),(239069,220,155),(239070,220,156),(239071,220,253),(239072,221,157),(239073,221,158),(239074,221,159),(239075,221,254),(239080,223,163),(239081,223,164),(239082,223,165),(239083,223,256),(239084,224,166),(239085,224,167),(239086,224,168),(239087,224,257),(239088,225,169),(239089,225,170),(239090,225,171),(239091,225,258),(239092,226,172),(239093,226,173),(239094,226,174),(239095,226,259),(239096,227,175),(239097,227,176),(239098,227,177),(239099,227,260),(239100,228,178),(239101,228,179),(239102,228,180),(239103,228,261),(239104,229,181),(239105,229,182),(239106,229,183),(239107,229,262),(239108,230,184),(239109,230,185),(239110,230,186),(239111,230,263),(239112,231,187),(239113,231,188),(239114,231,189),(239115,231,264),(239116,232,190),(239117,232,191),(239118,232,192),(239119,232,265),(239120,233,193),(239121,233,194),(239122,233,195),(239123,233,266),(239124,234,196),(239125,234,197),(239126,234,198),(239127,234,267),(239128,235,199),(239129,235,200),(239130,235,201),(239131,235,268),(239132,236,202),(239133,236,203),(239134,236,269),(239135,237,204),(239136,237,205),(239137,237,270),(239138,238,206),(239139,238,207),(239140,238,271),(239141,239,208),(239142,239,209),(239143,239,272),(239144,63,23),(239145,219,375),(239146,217,393),(239147,219,376),(239148,219,395),(239163,222,160),(239164,222,161),(239165,222,162),(239166,222,255),(239167,63,59),(239168,243,27),(239170,243,31),(239171,243,227),(239172,243,226),(239173,244,346),(239174,244,341),(239178,245,24),(239179,245,48);
/*!40000 ALTER TABLE `user_team` ENABLE KEYS */;
UNLOCK TABLES;

--
-- Table structure for table `wish_track`
--

DROP TABLE IF EXISTS `wish_track`;
/*!40101 SET @saved_cs_client     = @@character_set_client */;
/*!50503 SET character_set_client = utf8mb4 */;
CREATE TABLE `wish_track` (
  `user_id` bigint NOT NULL,
  `mapping_id` bigint NOT NULL,
  PRIMARY KEY (`mapping_id`,`user_id`),
  KEY `FKkrbxx9f6hq0pn4j2a67qh2kq2` (`user_id`),
  CONSTRAINT `FK3haa0135vylh1yo43la3by4` FOREIGN KEY (`mapping_id`) REFERENCES `mapping` (`id`),
  CONSTRAINT `FKkrbxx9f6hq0pn4j2a67qh2kq2` FOREIGN KEY (`user_id`) REFERENCES `user` (`id`) ON DELETE CASCADE
) ENGINE=InnoDB DEFAULT CHARSET=utf8mb4 COLLATE=utf8mb4_0900_ai_ci;
/*!40101 SET character_set_client = @saved_cs_client */;

--
-- Dumping data for table `wish_track`
--

LOCK TABLES `wish_track` WRITE;
/*!40000 ALTER TABLE `wish_track` DISABLE KEYS */;
INSERT INTO `wish_track` VALUES (1,1),(1,2),(2,1),(6,2),(7,1),(18,3),(23,3),(24,4),(25,1),(26,1),(27,7),(28,7),(29,1),(31,7),(32,1),(33,2),(34,2),(35,1),(36,3),(37,7),(38,2),(39,3),(40,3),(41,3),(42,1),(43,1),(44,3),(45,3),(46,2),(47,1),(48,3),(53,1),(54,1),(56,1),(57,2),(58,3),(60,4),(60,5),(60,6),(62,1),(63,1),(64,1),(65,3),(66,1),(83,31),(85,29),(92,29),(161,5),(162,4),(197,4),(215,6),(216,6),(217,4),(218,6),(221,4),(226,7),(227,7),(268,5),(278,7),(280,5),(287,6),(298,38),(336,7),(341,6),(346,6);
/*!40000 ALTER TABLE `wish_track` ENABLE KEYS */;
UNLOCK TABLES;
SET @@SESSION.SQL_LOG_BIN = @MYSQLDUMP_TEMP_LOG_BIN;
/*!40103 SET TIME_ZONE=@OLD_TIME_ZONE */;

/*!40101 SET SQL_MODE=@OLD_SQL_MODE */;
/*!40014 SET FOREIGN_KEY_CHECKS=@OLD_FOREIGN_KEY_CHECKS */;
/*!40014 SET UNIQUE_CHECKS=@OLD_UNIQUE_CHECKS */;
/*!40101 SET CHARACTER_SET_CLIENT=@OLD_CHARACTER_SET_CLIENT */;
/*!40101 SET CHARACTER_SET_RESULTS=@OLD_CHARACTER_SET_RESULTS */;
/*!40101 SET COLLATION_CONNECTION=@OLD_COLLATION_CONNECTION */;
/*!40111 SET SQL_NOTES=@OLD_SQL_NOTES */;

-- Dump completed on 2021-08-21 21:10:21
